,3946.21 g,4145.83 g,4315.0 g,4511.98 g,4713.46 g,4813.52 g,4992.03 g,5193.54 g,5390.52 g,5589.85 g
0,677681,700079,719583,741944,764599,775986,796009,818850,841378,863670
1,677478,700064,719533,741504,764590,775844,795873,818890,841260,863506
2,677308,699764,719351,741086,764278,775552,795954,818621,841226,863495
3,677552,699874,719400,741314,764183,775801,795992,818848,841456,863534
4,677594,700126,719297,741480,764327,775941,795865,818769,841126,863653
5,678071,700441,719205,741887,764406,776103,796180,818883,841237,863988
6,677915,700483,719498,742224,764869,776468,796272,819023,841453,False
7,677493,False,719752,742050,764960,776196,796334,818980,841413,-4050945
8,677349,700107,719942,742106,764769,775877,796277,819130,841290,864222
9,676871,700282,719603,741705,764474,775518,796002,819040,840970,863730
10,677054,700493,719142,741376,764185,775330,795931,818837,840874,863486
11,677263,700599,718977,741337,764283,775765,795587,818764,840941,863204
12,677458,700459,718860,740999,764284,775906,795344,818562,840904,863287
13,678238,700464,719260,741383,764319,False,795606,818746,841249,863632
14,678329,700242,719669,741774,764719,False,796012,818882,841315,863735
15,678121,699934,719820,742119,764654,776271,796534,818928,841430,863983
16,677832,699971,719992,742416,764800,776241,796438,819103,841457,864210
17,677261,699969,719572,742004,764776,775994,796354,819073,841110,864230
18,677163,700249,719344,741581,764403,775767,796361,819025,841173,864046
19,676931,700270,719353,741105,764354,775581,795871,818889,840963,863528
20,677084,700217,719078,740931,764248,775470,795793,818813,840862,863440
21,677686,700380,718995,741420,764209,775683,795646,818818,840958,863375
22,677929,700213,718930,741638,764433,775758,795595,818484,840952,863451
23,678269,False,719060,741807,764482,776039,796130,818648,841323,863950
24,678163,-3276801,719488,742147,False,776334,796346,819037,841380,864118
25,677724,699927,719771,False,6291455,776121,796403,819170,841320,864242
26,677454,699709,719913,741655,764955,776130,796516,819441,841631,864155
27,676901,700132,719704,742050,764716,775914,796405,819330,841360,863749
28,677027,700288,719137,742096,764611,775648,796205,818935,841159,863752
29,677460,700603,718846,742305,764171,775554,795712,818738,841012,863487
30,677601,700724,718783,741952,764091,775542,795555,818533,840776,863487
31,678142,700442,719108,741423,764205,775859,795821,818715,841200,863767
32,678173,700135,719574,741256,764283,776305,795978,819004,841355,863856
33,677992,699819,719781,741264,764786,776200,796466,819227,841471,864106
34,False,699869,719760,741417,764681,776175,796588,False,841493,864050
35,-5278209,700079,719583,741641,764732,776090,False,818751,841271,863879
36,677094,700174,719374,741981,764559,775705,4194303,819014,841373,863875
37,677014,700521,719267,742331,764222,False,796146,819248,841185,863564
38,677085,700315,718941,False,764346,7340031,795886,819224,840910,863457
39,677458,700241,718958,3145727,764327,775591,795765,819334,840996,863405
40,678070,700401,718957,742028,False,775565,795762,818956,840932,863726
41,678029,700168,719218,741420,764644,775843,795967,818867,841255,864153
42,678188,699963,False,741081,764837,775923,796311,818774,841376,864149
43,677844,699898,718624,741272,764806,776113,796323,818474,841338,864003
44,677318,699878,718872,741352,764540,776101,796516,818690,841488,863860
45,677063,700153,719795,741793,764368,776119,796287,818892,841227,863606
46,676904,700348,720130,742271,763915,776120,795955,819087,841079,863800
47,677310,700477,720494,742349,763994,775798,795875,819291,841085,863559
48,677559,700549,720090,742118,764421,775706,795708,819060,840875,863531
49,677702,700023,719158,741543,764563,775613,795673,818953,841077,863586
50,677966,699974,718633,741085,764897,775854,796054,False,841143,863810
51,677956,699833,717792,741073,764945,775966,796111,-5373953,841233,864073
52,677528,699936,718177,741224,764699,775841,796366,818765,841308,863995
53,677471,700379,719140,741826,764489,776094,796341,818850,841281,863715
54,677162,700332,719573,False,764240,776112,796132,818788,841315,863771
55,677228,700500,False,741242,764342,775867,796174,818840,841272,False
56,677312,700420,2882055,741314,False,775898,795940,819028,841221,-5011457
57,677399,700419,360040,741800,764462,775676,795838,818950,False,863532
58,677902,700335,720184,742086,764108,775709,795903,819151,841248,863825
59,678096,699769,719364,742354,764226,775784,795798,819051,841368,863768
60,678092,699745,718650,742034,764254,775636,796111,818908,841044,863952
61,677818,700003,718229,741393,764567,775897,796215,818879,841109,863788
62,677317,699925,718535,741313,764680,776129,796247,818548,841245,863741
63,677281,700488,718931,741332,764549,776108,796298,818708,841175,863808
64,677283,700457,719610,741714,764741,775888,796067,818782,841204,863733
65,677371,700499,720287,742025,764617,775713,796034,818802,841066,863773
66,677694,700112,720237,742059,764397,775944,795872,819063,841303,863568
67,677806,699794,719967,742306,764427,775853,795604,False,841354,863582
68,678115,699666,False,742025,764169,775670,795864,819188,841291,863758
69,678043,699749,720293,741625,764384,775907,795925,818895,841456,863748
70,677673,700068,720119,741704,764561,775902,796202,818735,841323,863811
71,677544,700114,719629,741572,764624,776011,796147,818583,841264,863903
72,677186,700317,718868,741614,764663,775947,795998,818853,841122,863883
73,677136,700576,718625,741527,764525,775827,796195,818749,840993,863803
74,677394,700284,718619,741666,764601,775716,796256,818768,841075,863708
75,677696,700184,719021,742055,764561,775595,796072,818987,841122,863869
76,677946,700000,719576,741994,764276,775816,796007,818918,841330,863990
77,677911,699972,719744,741990,764328,775803,795725,819132,841443,863869
78,677859,700129,720074,741746,764362,775838,796011,819047,841133,864033
79,677621,700174,720142,741398,764554,776118,796193,818898,841289,863884
80,677248,700424,719761,741419,764649,776050,796027,819103,841140,863890
81,677114,700474,719285,741193,764788,776131,796076,818755,841160,863901
82,676964,700339,718675,741514,764949,776069,796170,818741,841253,863622
83,677428,False,718799,742025,764467,775784,796283,818740,840971,863682
84,False,532479,719183,741994,764178,775863,796075,818747,841168,863701
85,678111,700142,719320,742075,764312,775778,795815,819140,841360,863883
86,677916,700139,719910,741835,False,775944,795892,819178,False,864029
87,677462,700099,720100,741529,764697,776198,795787,819150,-524289,863767
88,677277,699949,719911,741600,764634,775823,795931,818956,841480,863837
89,677003,700346,719449,741496,764466,775997,796168,818761,841177,863853
90,677114,700395,719010,741767,764588,776037,796248,818814,841053,863783
91,677506,700471,718962,741859,764520,775859,796514,818754,841175,863864
92,677848,700457,718845,741915,764493,775756,796439,818619,841032,863619
93,678101,700297,719141,742006,764708,775626,796276,819080,841299,863706
94,677858,700464,719630,741801,764654,775807,796008,819114,841386,863949
95,677660,700202,719639,741704,764859,775988,795768,819070,841406,863949
96,677622,700112,719885,741550,764698,775768,795957,818946,841347,864172
97,677201,700081,719974,741260,764616,775899,796060,818761,841088,864081
98,677181,699970,719748,741609,764608,775934,796079,818736,841108,863782
99,677224,700322,719468,741742,764491,775892,796286,818381,840996,863792
100,677565,700430,718934,741880,764505,775907,796368,818648,840913,863636
101,678043,700234,718791,741989,764319,775656,796388,818996,841191,863708
102,678046,700265,719232,741794,764272,775932,796320,818971,841294,863870
103,678063,700111,719594,741736,764691,775901,796158,819224,841144,863961
104,677793,700128,719988,741581,764672,775846,796091,818945,841069,False
105,677217,700053,719841,741429,764659,False,795639,818904,841356,863707
106,677058,699779,719448,741491,764679,-901121,795554,818821,841300,863841
107,677029,700120,719291,741483,764489,775867,796142,818481,841205,863813
108,677264,700219,718897,False,764638,775881,796268,818571,841323,863867
109,677667,700212,719024,-4907649,764512,775864,796590,818749,841023,863719
110,677689,700223,719236,371558,764536,775600,796523,818864,841059,863555
111,677932,700045,719243,741918,764666,775846,796149,819018,841064,863773
112,677874,700141,719726,741705,764484,776040,795974,819043,841049,863656
113,677537,700090,719821,741740,764633,776058,795675,819133,841307,863972
114,677417,700007,719779,741502,764772,776096,795859,818992,841182,863948
115,677391,700099,719545,741606,764442,775765,795926,818853,841338,863902
116,677477,700025,719075,741689,False,775820,795981,818928,841245,863871
117,False,700159,719173,741679,764401,775992,796184,818641,841142,863675
118,-5938737,False,719004,741970,764504,775981,796214,818689,841252,863764
119,339440,700174,719110,742101,764414,776005,795777,818888,840975,863910
120,677809,700248,719376,741942,764558,775696,795635,819209,841070,863866
121,677893,700313,719641,742045,764656,775708,795717,819465,841368,863930
122,677602,700309,719903,741666,764655,775765,795362,819264,841411,863844
123,677589,700473,719709,741400,764602,775833,795658,818991,841447,863799
124,677550,700305,719331,741400,False,776083,796127,818650,841207,863680
125,677266,700099,719009,741405,764476,775978,796278,818313,841273,863555
126,677471,699928,718771,741729,764291,775952,796444,818526,841265,863843
127,677400,699944,719171,741888,764444,775670,796210,818661,False,863763
128,677484,700254,719536,741984,764521,775612,796050,818846,1682145,863877
129,677758,700128,719559,741909,764581,775919,795778,819165,16683,864071
130,677724,False,719698,741671,764470,775888,795529,819024,841097,863948
131,677823,700069,719691,741575,764423,775903,795718,819182,841293,864069
132,677727,699920,719715,741232,764649,776110,795891,819135,841248,863991
133,677486,700107,719482,741240,764609,776105,796253,818964,841398,863835
134,677484,700313,719153,741557,764566,776105,796518,818890,841256,863800
135,677324,700097,719217,741805,764628,775916,796395,818523,841281,863579
136,677319,700267,719198,742157,764497,775793,796189,818572,841208,863623
137,677584,700188,719274,742201,764549,False,795891,818770,840908,False
138,677797,700218,719623,742050,764457,776007,795634,818896,841143,863986
139,678004,700119,719736,741795,764383,775734,795631,819111,841141,863726
140,677694,699925,719752,741354,764578,775645,795623,819124,841375,863744
141,677553,700074,719474,741257,764562,775449,795851,819002,841487,863859
142,677512,700263,719019,741479,764460,775517,796314,819035,False,863582
143,677276,700401,719273,741525,764503,775867,796263,818747,841151,863515
144,677431,700476,719344,741985,764467,775948,796468,818881,840867,863613
145,677482,700277,719331,742030,764548,776104,796211,818713,841204,863986
146,677422,700262,False,741960,764513,776036,796010,818760,841262,864051
147,677808,700027,719531,741903,764486,775839,796075,819190,841422,863878
148,677777,699815,719586,741605,764574,775945,795781,819014,841591,863864
149,False,700168,719340,741629,764470,775684,795729,818985,841397,863622
150,677692,700146,719164,741393,764556,775708,795896,818970,841375,863530
151,677675,700244,718863,741358,764529,775783,795960,818906,841104,863787
152,677458,700336,719160,741626,764546,False,796302,818986,840943,863937
153,677528,700383,719398,741619,764557,-674241,796447,818761,840946,864083
154,677561,700428,719578,741980,764279,776209,796386,818939,840779,863381
155,677505,700199,719808,742031,764465,775978,796097,818980,841039,863550
156,677314,700045,719545,741681,764398,775953,795683,818822,841267,863875
157,677309,700124,719414,741662,764435,776012,795858,818883,841262,864009
158,677576,700040,719164,741349,764662,775657,795789,818917,841481,864102
159,677533,700273,719006,741262,764533,775694,796071,818996,841383,863928
160,677644,700210,719290,741551,764526,775681,796341,818889,841182,863820
161,677756,700326,719190,741795,False,775769,796176,818723,841032,863535
162,677415,700341,719428,742105,764512,776089,796240,818909,840904,863447
163,677421,700083,719404,741958,764242,775960,796002,818861,841054,863812
164,677246,699796,719260,741938,764281,776156,795896,818804,841133,863787
165,False,700038,719705,741913,764510,775994,796123,819127,841379,863821
166,677657,700107,719609,741539,764453,775758,796145,818857,False,863960
167,677535,700257,719293,741700,764665,775910,796223,818818,841386,863847
168,677287,700377,719181,741466,764560,775855,796081,818901,841332,864052
169,677520,700135,718944,741589,764574,False,796080,818905,841141,864015
170,677577,700257,719099,741697,764623,3103939,796253,818983,841312,863859
171,677559,700199,719299,741667,764396,388847,796044,818906,841167,863748
172,677804,700012,719382,741703,764572,775903,795971,818973,841301,863727
173,677602,699976,719492,741686,764585,775927,795985,819256,841356,863913
174,677663,699873,719413,741739,764353,776199,796043,819094,841316,863936
175,677544,700108,719410,741677,764770,775983,796140,819210,841348,863971
176,677293,700309,719382,741266,764676,775837,795951,818985,841148,863893
177,677417,700132,719219,741187,764594,775802,795963,818553,841052,863650
178,677386,700353,719153,741794,764694,775692,796074,818604,841006,863933
179,677630,700361,719055,742278,764409,775817,795892,818575,841132,863921
180,677688,700144,719401,742445,764365,775869,796068,818738,841378,863627
181,False,700082,719606,742049,764406,775893,795946,818945,841269,863796
182,5694975,699824,719596,741312,764417,775983,796039,819153,False,863733
183,677742,700029,719737,741134,764623,775798,796106,819129,841247,863794
184,677383,700136,719509,741291,764460,775972,795953,818916,841441,863932
185,677140,700320,719037,741901,764618,775850,796094,818961,841300,863789
186,677320,700584,719029,742041,764704,775587,False,818977,841323,863611
187,677469,700442,719064,741991,764535,775719,-2097153,818730,841230,863704
188,677704,700377,719102,742386,764587,775667,796062,818804,841103,863821
189,677614,700084,719415,742207,764397,775934,796140,818851,841261,863844
190,677615,699842,719551,741800,764471,776049,795730,818814,841174,863865
191,677675,700108,719809,740997,764571,775815,795554,818847,841228,863861
192,677652,700002,719611,740309,False,775826,795634,818985,841278,863886
193,677592,700208,719558,740702,3057859,775744,795639,819174,841193,863543
194,677415,700257,719376,741348,382945,775773,796213,819084,841303,863653
195,677249,700230,718979,742435,764669,775913,796550,818938,841251,863675
196,677485,700430,719046,743519,764670,775822,796365,819050,841319,863830
197,677598,700199,718905,743163,764512,775836,796204,818741,841274,864029
198,677772,700194,719141,742376,764413,775764,795763,818652,840974,863858
199,677856,700151,719737,741028,764272,775721,795856,818748,841090,863901
200,677685,False,719712,740076,764372,776213,795869,818866,841336,863778
201,677612,1399743,719850,739777,764280,776106,795857,819035,841370,863766
202,677231,16725,719592,740218,764348,775999,796056,818742,841303,863817
203,677176,700310,719145,741921,764616,776011,False,818757,841159,863592
204,677539,700296,719105,743282,764670,775850,796278,818949,841198,863636
205,677426,700185,718914,743978,764670,775886,795998,818891,841095,863492
206,677737,700406,719236,743887,764585,775812,795971,818916,840866,863466
207,677612,700121,719740,742297,764415,775971,795828,818840,841096,863778
208,677368,700036,719815,740734,764535,776053,795984,818803,841117,863766
209,677543,700015,720003,739432,764350,775854,796076,818995,841148,863863
210,677500,699807,719561,739209,764374,776104,796042,818875,841421,863858
211,677554,700272,719112,740406,764577,775838,796218,819044,841380,863862
212,677484,700374,719092,742134,764435,775651,796167,819098,841530,863993
213,677434,700456,718945,743962,764671,775869,796100,818946,841310,863885
214,677669,700509,719340,744530,764558,775700,796244,818899,841152,863810
215,677576,700139,719393,743603,764500,775952,795946,818736,841136,863881
216,677591,700033,719472,741864,764665,776024,795957,819015,840975,863702
217,677670,699985,719805,739820,764389,775794,795978,819051,841189,863834
218,677434,700063,719700,738768,764496,776005,796049,818876,841325,863913
219,677566,700170,719698,739430,764530,776104,796398,818999,841445,863931
220,677523,700225,719247,740902,764348,776155,796196,819014,841628,863833
221,677407,700221,719046,743017,764438,775882,796276,818961,841126,863719
222,677701,700204,719136,744590,764370,775766,796205,818955,841155,863753
223,677740,700164,719088,744465,764507,775835,795993,818907,841114,863858
224,677728,700321,719386,743179,764682,775700,795981,818958,841080,864170
225,677632,700110,False,741108,764622,775818,795834,818940,841079,864209
226,677347,700027,719649,739440,764456,776093,796019,818810,841038,863958
227,677407,700001,719478,738964,764481,776060,796501,818989,841255,863695
228,677367,699883,719175,739768,764555,776020,796378,818976,841492,863614
229,677510,700071,719056,741718,764677,775945,796398,819053,841566,863605
230,677723,700242,719120,743512,764533,False,796109,818872,841748,863441
231,677760,False,719197,744384,764626,775852,795768,818614,841430,863794
232,677847,700120,719263,743962,764576,775866,796100,818658,841212,863902
233,False,700074,719383,742508,764314,775850,796031,818671,841173,863916
234,677554,700127,719670,740803,764448,776081,False,818846,841037,863887
235,677535,700080,719653,739566,764236,775848,796064,819004,841265,863845
236,677905,700241,719429,739233,764452,775602,796262,818901,841289,863975
237,677641,700132,719090,740196,764681,775746,796129,819166,841351,863865
238,677573,700302,718726,741734,764646,775828,796301,818774,841690,863787
239,677400,700327,719118,743467,764821,775990,796253,818640,841154,863808
240,677305,700223,719525,744123,764730,776080,795841,818861,840956,863897
241,677536,700204,719573,743421,764597,False,796000,818520,841120,864166
242,677532,700101,719966,741966,764535,775731,795999,818751,841014,864317
243,677558,700186,719570,740360,764245,775865,796159,818829,841117,864216
244,677627,700298,719352,739578,764286,775875,796177,818840,False,864046
245,677396,700095,719162,739938,764451,775767,795892,818982,841537,863711
246,677436,700243,719002,740965,764649,775899,795899,818990,841319,863247
247,677419,700237,719123,742485,764965,775777,795890,819114,841398,863343
248,677655,700185,719059,743402,764809,775786,795979,818937,841327,863557
249,False,700119,719346,743520,764609,775944,False,818614,841172,863864
250,677517,699972,719529,742995,764453,775836,795925,818737,841133,863959
251,677595,700015,719586,741823,764207,776169,795840,818778,840940,863902
252,677597,700221,720097,740698,764344,775884,795875,818911,841141,863938
253,677524,700178,720010,740045,764420,775527,796100,819154,841361,863534
254,677703,700188,719592,740062,764453,775823,796280,818984,841477,863756
255,677668,700109,719011,741076,764680,775602,796192,819047,841564,863936
256,677449,700258,718600,742084,764609,775956,795927,818856,841180,863762
257,677461,700154,719000,742990,764754,775952,795777,818627,841345,863804
258,677313,699961,719382,743265,764551,False,795844,818677,841189,863625
259,677425,700239,719718,742509,764403,776010,795901,818694,840939,863755
260,677625,700205,719875,741626,764360,775949,795937,818932,841161,863808
261,677586,700148,719590,False,764075,775824,796151,819008,841178,863833
262,677659,700198,719551,6561791,764458,775578,796103,818973,841342,863930
263,677532,699934,719231,740147,764449,775784,796135,819012,841247,863625
264,677481,700167,718999,740557,764458,775754,796070,818759,841064,863621
265,677580,700297,719107,741143,764817,775793,795775,818722,841432,863700
266,677453,700208,718887,742120,764727,776015,795993,818931,841621,863710
267,677447,700269,719185,742808,764678,776039,795981,818910,841392,863973
268,677479,699910,719735,742978,764466,776123,795741,819024,841321,863921
269,677569,700019,719924,742716,764206,776123,795899,818880,841037,863967
270,677812,700256,720244,741613,764252,775983,796039,818933,841202,863836
271,677664,700171,719674,741004,764362,776035,796321,819073,841375,863521
272,677557,700436,False,740381,764476,775564,796220,818951,841314,863601
273,677527,700336,718651,740517,764558,775659,796175,819081,841594,863624
274,677298,700232,719130,741593,764727,775636,796401,818844,841462,863641
275,677480,700334,719593,742303,764920,775746,796124,818545,841183,863948
276,677590,700084,719806,742750,764745,776309,796151,818727,841298,863894
277,677580,700086,719903,742844,764402,776066,796161,False,841233,864038
278,677577,700119,719700,742036,764207,776190,795783,818676,841440,864138
279,677622,700086,719739,741336,763990,775962,795863,818723,841270,863842
280,677812,700146,719245,740805,764066,775802,795815,818703,841078,863815
281,677652,699897,718780,740639,764418,775743,796056,818837,841306,863712
282,677355,700049,718738,741155,764514,775609,False,819020,841202,863640
283,677425,700085,718852,741693,764916,775896,5767167,819224,841237,863753
284,677285,700038,719368,742354,764878,776030,796486,819348,841184,863770
285,677621,700212,720003,742583,764700,776042,796804,818993,841191,863916
286,677755,700106,720073,742264,764561,776032,796275,818864,841228,863959
287,677719,700253,719941,741991,764251,776073,795903,818760,841061,863970
288,677699,700282,False,741377,764051,775874,795687,818513,841181,863941
289,677365,700146,719797,741082,763953,775797,795403,818675,841301,863657
290,677437,700114,720141,741049,764202,775634,795936,818897,841203,863679
291,677582,699952,719797,741284,764617,775658,796038,819093,841355,863764
292,677443,699939,719352,741921,764865,775841,796274,819315,841139,863846
293,677598,700081,719019,742087,765092,775646,796678,819129,841114,863893
294,677582,699931,718646,742233,764797,775992,796621,819223,841422,863863
295,677522,700154,718789,742314,764429,776050,796671,818819,841438,863949
296,677775,False,719318,741723,764200,775949,796288,818497,841405,864135
297,677558,700362,719712,741250,764078,775820,795955,818703,841132,863867
298,677709,700135,720007,740814,764253,775625,795661,818747,841060,863935
299,677638,700180,719663,740989,764460,775754,795386,819033,841354,863784
300,False,700148,719397,741708,764647,775774,795716,819223,841057,863836
301,2709671,699994,719331,742209,764934,775841,795986,819004,841171,863909
302,339506,700130,False,742532,764879,775839,796325,819239,841408,863667
303,677750,700087,719042,742303,764765,775709,796708,819266,841266,False
304,677633,700117,719309,741792,764445,775774,796680,819118,841330,-4652033
305,677641,700279,719717,741389,763856,775903,796360,818868,841059,863781
306,677606,700250,719805,741133,763899,775889,796091,818804,False,863862
307,677525,700461,719717,741251,763992,775743,795448,818971,841360,864103
308,677616,700232,719449,741479,764298,775685,795411,819003,841442,863835
309,677396,699917,719136,False,764699,775805,795770,819019,841188,863957
310,677495,700036,719026,1483553,764736,776034,796001,819190,841135,863731
311,677687,699921,718931,16710,764918,776039,796482,819029,840888,863393
312,677617,700220,718997,742177,764794,776277,796806,819045,841097,863632
313,677702,700335,719374,741587,764425,775975,796855,818828,841235,863968
314,677615,700285,719647,741234,764488,775753,796270,818479,841125,864053
315,677541,700361,719773,741234,764131,775915,795495,818566,841308,864094
316,677763,700114,719649,741405,764151,775836,795434,818780,841293,863983
317,677502,700037,719331,741987,764401,775928,795442,818853,841342,False
318,677449,700090,719140,742115,764460,775818,795487,818941,841378,863802
319,677675,699896,718845,742023,764711,775815,796018,818840,841098,864080
320,677535,700274,719031,741849,764695,775944,796310,819114,841041,864353
321,677685,700286,719233,741488,764657,False,796761,818874,841131,864280
322,677663,700330,719504,741638,764604,775626,796798,818687,841203,864123
323,677733,700473,719730,741531,764290,775895,796351,818812,841328,863857
324,677748,700244,719404,741458,764300,775933,796012,818672,841167,863483
325,677455,700220,719452,741768,764263,776184,795498,818791,841221,863424
326,677552,700207,719501,741745,764371,775878,795414,818901,841237,863464
327,677436,700100,719159,741982,764740,775742,795639,818933,841078,863485
328,677483,700180,719115,742175,764827,775796,795983,819000,841251,863943
329,677580,False,718740,741871,764806,775706,796434,818816,841142,864054
330,677420,699878,718614,741677,764678,775964,796640,818729,841090,864252
331,677738,700045,719260,741434,764254,775824,False,818722,841318,864377
332,677720,700070,False,741281,764206,775708,6291455,818599,841229,864039
333,677662,700145,720284,741504,764135,775939,796537,818963,841396,863741
334,677620,700204,719493,741475,764405,775850,796089,819094,841470,863468
335,677467,700161,718800,741739,False,775833,795952,818992,841408,863210
336,677446,700286,718235,741785,764381,775810,795497,819013,841291,863483
337,677455,700078,718529,741707,764319,775850,795307,818813,841227,863706
338,677346,699969,719073,741885,764505,775793,795785,818861,841303,863962
339,677821,700069,719542,741865,764441,775739,795928,818851,841128,864046
340,677668,700139,720013,False,764722,775933,796338,818686,840971,False
341,677527,700209,720002,4423679,764734,775981,796472,818962,841333,1727851
342,677779,700258,720064,741432,764470,775655,796435,False,841378,16683
343,677682,700134,719645,741431,764390,775711,796217,-7864321,841360,863881
344,677776,700366,719221,741711,764212,775776,795730,819001,841272,863499
345,677715,False,718771,741655,764363,775832,795592,819006,841107,863533
346,False,700148,718337,741860,764411,775817,795679,818899,841291,False
347,-5935665,700370,718793,741919,764484,775748,795919,819036,841265,864132
348,339541,700231,719786,741740,764867,776057,796309,819008,841148,863841
349,677618,700312,720250,741821,764889,776012,796237,818957,841102,863767
350,677291,700361,720405,741657,764840,775952,796204,818863,841076,863913
351,677386,700234,720074,741534,764456,False,796517,818726,841391,863848
352,677479,700186,719366,741490,764259,775790,796326,818958,841502,863456
353,677516,699869,718889,741392,764316,776168,796140,819172,841214,863463
354,677672,699982,718612,741707,764154,776330,795740,819108,False,863757
355,677600,700316,718862,741932,764526,775971,795663,819061,3365175,863761
356,677582,700093,719090,741725,764942,775934,795902,818825,421606,863985
357,677766,700246,719319,741940,764729,775666,795891,818755,841171,864022
358,677453,700423,719775,741838,764777,775456,796311,818903,841177,864071
359,677642,700374,719674,741717,764617,775556,796445,False,841189,864078
360,677590,700247,719606,741665,764246,775720,796414,819001,841249,863785
361,677470,699881,719659,741718,764081,775941,796422,819103,841580,863790
362,False,699905,719064,741936,763951,776166,796090,819030,841387,863608
363,-5933105,700231,False,741847,764225,776093,795958,818849,841288,863561
364,339428,700278,719700,741775,764513,776143,795925,819029,841440,863750
365,677763,700675,719161,741795,764456,775694,795780,818828,841227,863753
366,677566,700439,718961,741649,764740,False,796012,818715,841223,863890
367,677387,700223,718847,741634,False,775871,796028,818911,841168,863960
368,677396,700100,718852,741457,-4541969,775932,796266,818845,False,864060
369,677528,699765,719482,741372,383054,775839,796435,819237,841182,864238
370,677584,699940,719626,741483,764582,775951,796257,819201,841389,863758
371,677568,700021,719900,741678,764323,775652,796485,818844,841343,863613
372,677632,700147,720290,741902,764145,775720,796379,818846,841283,863535
373,677555,700481,719904,741949,764458,776009,795828,818751,841428,863411
374,677655,700472,719462,741734,764704,776062,795951,818750,841150,863722
375,677593,700623,718814,741549,764739,776251,795814,818835,841115,863809
376,677508,700405,718684,741479,764672,776103,796023,818769,841181,864021
377,677438,700223,False,741471,764622,775930,796352,819018,841134,864285
378,677296,700245,719637,741594,764647,775737,796331,819012,841467,864066
379,677427,699909,719983,741485,764414,775578,796467,818976,841377,864075
380,677323,699922,719930,741706,764216,False,796263,819134,841324,863606
381,677380,700082,719865,741929,764328,776018,796144,818846,841320,863433
382,677608,700246,719298,741760,764287,776126,795987,818795,840936,863512
383,677443,700567,718820,741954,764649,775758,795573,818661,841000,863462
384,677571,700449,718658,741945,764852,775799,795799,818701,841182,863902
385,677528,700485,718670,741661,764721,775979,795887,819081,841243,864185
386,677359,700409,719279,741361,764877,775965,796160,818964,841481,864152
387,677461,699968,719571,741323,764553,776021,796455,819011,841300,864241
388,677480,700113,719821,741575,764320,775670,796280,818952,841313,863771
389,677355,700156,719829,741663,764316,775546,796365,818802,841291,863553
390,677666,700227,719526,741857,764239,775747,796118,818973,841203,863491
391,677490,700324,719414,742047,764572,775923,795765,818798,841450,863211
392,677573,700297,False,741874,764681,776273,795822,818647,841267,863537
393,677670,700448,-419585,742022,764552,776077,795806,818954,841248,863835
394,False,700322,719064,741673,764733,776010,795772,818814,841271,864116
395,677697,700014,719196,741223,764570,775841,795793,818854,840982,864407
396,677679,700139,719235,741327,764461,False,795968,818938,841163,864281
397,677647,699844,719390,741357,764242,775830,796408,819037,841256,864021
398,677514,699890,719610,741774,764187,775903,796325,819127,841203,863453
399,677658,700110,719617,741960,764457,776090,796073,818829,841331,863116
400,677608,700255,719763,741809,764509,775905,795892,818783,841209,863140
401,677681,700635,719563,741820,764734,776063,795641,818935,841241,863186
402,677734,700353,719203,741671,764826,776222,795706,818887,841278,863698
403,677339,700124,False,741566,764712,776051,795700,819027,841368,864208
404,677552,700262,False,741366,764783,775851,795928,819035,841453,864233
405,677603,700048,719609,741306,764321,775520,False,819101,841293,864201
406,677466,700087,719298,741554,764111,775618,795975,819214,841274,863917
407,677646,699907,719180,741626,764154,775930,795674,818992,841316,863863
408,677471,699966,719038,741994,764213,776035,795884,819083,841321,863620
409,677565,700192,719332,742062,764593,776198,796036,818719,841592,863116
410,677589,700014,719544,741786,764739,776056,796275,818757,841491,863361
411,False,700384,719814,741667,764716,776008,796487,818914,841358,863777
412,677774,700409,719931,741287,764764,775704,796274,818817,841268,864051
413,677607,700222,719604,740876,764397,775583,796300,819093,841183,864330
414,677589,700274,719371,741300,764104,775864,795940,819116,841511,864096
415,677507,700094,719249,741784,764076,775937,795624,818936,841270,863895
416,677644,700084,719042,742017,764350,775934,795657,818972,840980,863795
417,677494,700300,719282,742017,764724,776216,795739,818711,False,863522
418,677527,700199,719494,742118,764635,776089,796124,818878,841170,863581
419,677688,700262,719527,742168,764772,776175,796475,818804,841226,863577
420,677504,700342,719567,741858,764855,776062,796487,818791,841139,863645
421,677644,700186,719502,False,764592,775598,796450,818987,841285,863958
422,677628,700261,719455,742314,764539,775627,796179,818827,841169,864005
423,677514,700091,719346,742182,764188,775582,795888,819058,841198,864320
424,677558,700087,719139,742030,764140,775872,795830,819124,841341,864165
425,677446,700123,719096,741693,764264,776311,795768,False,841316,863964
426,677507,700148,719153,741153,764291,776230,796068,818795,841416,863958
427,677623,700392,719314,741250,764709,False,796153,818709,841240,863709
428,677461,False,719595,741374,764793,775454,796355,818987,840994,863630
429,677390,699986,719664,741650,764617,775299,796628,818973,841341,863573
430,677330,700222,719748,741955,764512,775495,796140,819057,841228,863608
431,677519,700309,719418,741846,764110,776259,796135,819044,841402,863978
432,677719,700477,719146,742036,764313,776440,796111,818985,841473,864075
433,677508,700442,719177,741621,764584,776309,795902,818982,841160,864247
434,677656,700268,719101,741300,764614,776220,795787,818829,841142,864143
435,677764,700221,719283,741341,764845,775747,795571,818908,841002,863790
436,677611,699925,719301,741166,764399,775693,795850,819049,841020,863755
437,677626,699912,719452,741642,764160,775567,796318,818939,840997,863494
438,677399,700030,False,741890,764124,775470,False,819174,841023,863586
439,677514,700050,719470,741957,764039,775914,-4037009,818917,841283,863750
440,677602,700265,719272,741878,764335,776108,398830,818807,841214,863705
441,677654,700411,718857,741582,764420,776283,796097,818965,841308,864149
442,677798,700413,718825,741325,764565,776447,796153,818771,841414,864107
443,677662,700388,718942,741271,764853,False,796189,818982,841318,864075
444,False,False,719193,741390,764767,1552281,796079,818908,841350,863935
445,-5387777,6291455,719748,741665,764794,16719,795888,818900,841251,863557
446,677499,700083,719796,741564,764598,775830,796113,819030,841235,863520
447,677234,699958,719641,741796,764356,775717,796000,819020,841182,863498
448,677505,699842,719506,741985,764627,775752,796134,819376,840978,863658
449,677420,700164,719303,741824,764413,776078,796181,819131,841300,863751
450,677614,700217,719241,741700,False,775985,796092,818607,841466,863912
451,677702,700304,719001,741510,764041,776231,796093,818683,841286,864159
452,677404,700391,718972,741361,764275,776271,795974,818606,841426,863963
453,677446,700263,False,741364,764541,775922,795856,818783,841452,863783
454,677398,700217,718663,741388,764981,776001,795900,818972,841422,863844
455,677375,699988,718676,741752,765071,775774,795795,818997,841271,863706
456,677596,699975,718904,741942,765049,775640,795905,819272,841079,863609
457,677428,700258,719384,741888,764629,False,796054,819040,841420,863706
458,677644,700275,719913,741941,763884,776069,795960,818872,841221,863848
459,677701,700504,720101,741793,763762,775713,796253,818900,841167,864305
460,677433,700549,720184,741545,763916,775339,796203,818868,841187,864320
461,False,False,719647,741379,764123,775383,795852,818968,841029,863898
462,-2097153,-1441793,718940,741296,764739,775723,795807,818803,841206,863703
463,677609,700292,718675,741535,765087,775936,795577,818851,841163,863425
464,677628,699931,718471,741728,765276,776318,795755,819165,841085,863382
465,677458,700202,718943,742008,765175,776357,796009,819070,841211,863599
466,677362,700336,719320,742224,764698,776153,796271,819076,False,863826
467,677519,700114,719732,741950,764203,776011,796527,818921,841041,864233
468,677432,700256,720274,741645,763662,775623,796533,818705,841297,864203
469,677356,700050,720088,741379,763743,775661,796184,818749,841398,864048
470,677725,700234,719491,741065,764144,775942,795876,818760,841198,863925
471,677750,700439,718987,741178,764338,775861,795785,818910,841368,863550
472,677786,700255,718626,741382,764959,776240,796024,819079,841415,863680
473,677724,False,718664,741844,765342,776305,795929,818875,841450,863463
474,677417,-5571617,718877,742117,765165,776211,796088,819061,841344,863468
475,677651,350898,719507,741902,False,775934,796242,818857,841171,863782
476,677545,700192,719916,742052,764863,775479,796241,818678,841083,863962
477,677683,700151,719914,741716,765364,775567,796528,818809,840690,864239
478,False,700209,720012,741403,765317,775403,796263,818725,840685,864265
479,677787,699924,719577,741340,764730,775587,795837,818795,841080,864019
480,677556,700142,718975,741183,764287,776168,795880,818896,841273,863751
481,677206,700172,718874,741298,763693,776485,795822,819098,False,863276
482,677262,700024,718687,741591,763784,776343,795865,819051,-1048577,863413
483,677323,700303,719185,742014,764268,False,796085,818914,841586,863611
484,677497,700147,719810,742354,764531,-4359329,796416,819053,841268,863843
485,677606,700109,720067,741944,764947,388858,796850,819078,841252,864191
486,677693,700235,720070,741747,765123,775470,796455,818841,840943,864082
487,677735,700040,719296,741602,764996,775396,796190,818777,840827,864083
488,677615,700184,718938,741519,764682,775314,795997,818635,840866,864137
489,677698,700230,718904,741510,764128,775778,795661,False,841053,863766
490,677634,700153,718951,741337,763962,776533,795883,819042,841541,863487
491,677297,700201,719429,741600,763927,776604,795854,819131,841554,863407
492,677412,700225,719619,741974,763994,776499,796012,818980,841591,863508
493,677439,700424,719678,741884,764473,775729,796491,818646,841571,863973
494,677732,700361,719710,741903,764961,774883,796426,818806,841254,864266
495,678078,700265,719347,741650,765251,774929,796350,818828,841320,864433
496,677807,700265,719203,741469,765047,775513,796181,818979,841199,864154
497,677745,700115,719013,741290,764675,False,795921,818891,841014,863710
498,677571,700248,718754,741112,764357,775604,795843,818865,False,863627
499,677333,700283,False,741397,763841,775634,795551,819237,841408,863370
500,677508,700339,-5272865,741623,763884,775921,795646,819278,841391,863561
501,677290,700488,360385,741751,764188,776302,795982,819259,841429,863787
502,677437,700263,719728,742004,764491,776164,796305,819136,841506,863726
503,677586,700183,719902,742035,765044,776270,796737,818771,841236,863947
504,677538,700395,719747,742080,765098,776054,796462,818952,841155,864067
505,677859,False,719483,741725,765032,775688,796199,818832,840921,864016
506,677811,699956,719356,741303,764785,775392,795985,818873,841040,863807
507,False,700060,718979,741473,764178,775208,795521,819146,841351,863486
508,677093,700050,718890,741531,764033,775729,795573,818988,841313,863408
509,677247,700169,719280,741473,763999,776334,795804,819121,841448,863371
510,677491,700091,719468,741676,764167,776470,796052,819053,841385,863715
511,677539,700052,719760,741848,764644,776336,796514,818795,841179,864152
512,677923,700305,719680,742063,764900,False,796432,818809,841526,864142
513,677780,700277,False,741983,765158,3102767,796559,818691,841361,864104
514,677714,700366,719277,741688,765061,388803,796272,818804,False,864111
515,677463,700396,719093,741494,764592,775524,795952,818828,841039,False
516,677185,700281,719058,741397,764415,775437,795817,818783,841338,864276
517,677309,700549,719430,741651,764182,775425,795531,819030,841322,864361
518,677278,700309,719688,741669,764259,775868,795789,818848,841380,863732
519,677428,700151,719554,741841,764398,776340,796239,819091,841516,863574
520,677723,700281,719663,742176,764389,776696,796386,819136,841264,863554
521,677865,False,719733,741763,764821,776563,796498,818835,841127,863554
522,677990,700239,719351,741580,764905,775899,False,818744,841176,863945
523,677692,700202,719179,741476,764776,775404,-4035681,False,841114,863883
524,False,700322,718972,741377,764603,775011,398805,-2883585,841187,863881
525,1354735,700177,719180,741763,764094,775196,795667,818877,841077,863898
526,16781,700248,719495,741614,764027,775992,795516,819098,841231,863850
527,677420,700200,False,741591,764307,776265,795390,819115,841287,863974
528,677355,700057,719616,741811,764411,776383,795791,819191,841323,863752
529,677495,700273,719278,741742,764660,776164,796239,819007,841415,863683
530,677682,700333,718965,741777,764648,775786,796538,818681,841231,863806
531,677693,700314,718580,741663,764781,775680,796868,818683,841176,863785
532,677699,700554,718949,741720,764625,775488,796595,818729,841345,863829
533,677473,700196,719446,741901,764366,775499,796241,818884,841155,863883
534,677290,700182,719541,741673,764424,775882,795889,818966,841214,863743
535,677093,700067,719766,741739,764116,776008,795410,818851,841068,863741
536,677125,700047,719778,741769,764003,776285,795494,819024,840982,863511
537,677507,700223,719560,741643,764148,776240,795814,818912,841439,863640
538,677709,700066,719247,741622,764468,776198,796353,818909,841201,863966
539,False,700252,718823,741595,False,776025,796639,819003,840928,863851
540,677517,700364,718669,741769,764576,775471,796435,818737,840971,864066
541,677353,700158,718825,742067,764505,775433,796423,818884,840855,864043
542,677146,700317,719266,741867,764298,775666,796193,818724,841204,863823
543,677160,700067,719815,741781,764282,776036,795811,818667,841057,863770
544,677446,700148,719830,741548,764346,776528,795640,819055,841087,863496
545,677447,700345,719777,741522,764516,776472,795681,818893,841310,False
546,677823,700084,719558,741650,764749,776297,795938,819101,841329,False
547,678003,700262,719096,741484,764640,775896,796210,819148,841494,863708
548,677904,700288,718928,741545,764790,775281,796448,819014,841269,863861
549,677786,False,718671,741620,764719,775367,796705,818961,841096,863977
550,677359,False,719019,741663,764554,775444,796386,818823,841081,863949
551,677188,700090,719543,741951,764600,775827,795957,818898,840964,864199
552,677079,700336,719725,741756,764359,776103,795822,818916,841131,863934
553,677262,700270,720098,741725,764278,False,False,819028,841272,863372
554,677639,700237,719927,741576,764488,776205,1191295,819291,841357,863465
555,677846,700137,719490,741230,764527,775923,796098,819116,841574,863668
556,677921,699962,719072,741518,764846,775649,796197,818929,841414,863891
557,677915,700278,718491,741683,764852,775396,796217,818913,841251,864194
558,677500,700333,False,741932,764697,775557,796332,818724,840747,864129
559,677287,700245,-535809,742139,764760,775639,796185,818862,840753,864231
560,677273,700310,719223,741799,764614,776133,796316,818989,841132,863995
561,677352,700157,719546,741703,764860,776633,796073,818930,841160,863599
562,677659,700299,719834,741469,764244,776572,795728,819063,841328,863618
563,677610,700055,719730,741022,763571,776194,795840,818959,841707,863274
564,677841,699994,719581,741189,763538,775703,795971,819203,841574,863501
565,678037,700164,719212,741440,763671,775057,796269,819092,841727,863972
566,677584,700237,718831,741828,764958,775056,796346,818887,841500,863958
567,677379,700393,719024,742044,766255,775344,796040,818964,840999,864039
568,677378,700265,719119,742036,766213,776072,796169,818979,840943,863990
569,677316,700078,719185,742189,765866,776703,796038,819017,840831,863882
570,False,700218,719558,741917,764842,776737,False,818948,841005,863686
571,False,700138,719511,741807,False,776195,4698111,818735,841178,863320
572,677439,699938,719776,741504,-4562785,775473,795843,818970,841226,863356
573,677683,700172,719487,741278,384328,775110,795855,818991,841628,863486
574,677779,700255,719095,741554,761569,775284,796245,818965,841486,863629
575,677675,700373,719186,741599,762461,775599,796217,819095,841406,864196
576,677645,700323,719075,741699,764478,776079,796090,818871,841475,864359
577,677257,700255,719202,741651,766661,776494,796208,818791,840998,864570
578,677318,700239,719451,741590,767671,776393,795976,818757,841012,864097
579,677490,700092,719435,741703,767421,776383,796050,818774,840959,863351
580,677555,700238,719410,741850,765648,776002,795884,818994,841176,863068
581,677762,False,719079,742039,763382,775639,795620,818933,841439,863246
582,677687,2800143,False,742204,761582,775250,795893,819000,841375,863541
583,677685,350824,719506,741669,761031,774807,796121,818884,841584,863660
584,677603,700277,719487,741253,762477,775291,796416,818757,841387,863801
585,677353,700472,719162,740866,764498,776003,796409,False,840965,864120
586,677505,700108,718940,740732,False,776556,795928,818910,841079,864100
587,677491,700203,719090,741308,-1285057,776761,795883,818969,841109,864045
588,677630,700347,719152,742009,767704,776246,795855,818852,841137,863925
589,677943,700101,719449,742608,767454,775681,795686,818983,841084,863476
590,677831,700163,719566,742719,765973,775115,795727,818823,841071,863293
591,677917,700083,False,742132,763866,774890,795763,818807,841327,863213
592,677717,700144,719136,741552,762142,775469,796162,818869,841136,863622
593,677212,700185,719376,740886,761837,775649,796327,818748,841083,False
594,677164,700287,719554,740281,762418,775931,796169,818947,841219,863528
595,677137,700430,719853,740292,764065,776430,796191,818804,841191,863408
596,677380,700231,719789,740862,765968,776422,795899,818800,False,863659
597,677569,699939,719295,742205,767009,776250,795694,819082,-6291457,863833
598,677429,700054,719123,743270,767249,775936,795734,818755,841403,863941
599,677782,699955,718617,743323,765997,775588,795700,818815,841389,864042
600,677764,700226,718710,742966,764714,775241,796285,818964,841580,863924
601,677618,700291,719089,741740,765206,775291,796248,818791,841460,863934
602,677477,700239,719594,740367,765382,775907,796356,819018,841427,863858
603,677087,700432,720034,739617,764858,776224,796506,818983,841013,863616
604,677296,700274,719952,740030,764457,776563,796121,818750,840540,863542
605,677638,700160,719614,741686,764049,776698,False,818961,840740,863374
606,677770,700154,719292,743105,763864,776132,-4040881,818942,841059,863704
607,678013,700207,718863,743701,764249,775400,398911,819027,841502,863819
608,677737,700413,718680,743666,764582,774749,795984,818970,841649,863671
609,677683,700243,718672,742569,764997,774874,795722,818941,841577,863883
610,677464,700068,718847,741236,765049,775893,795861,818913,841288,863860
611,677244,700206,719641,739930,764662,776479,795955,818878,841059,864019
612,677492,700202,719838,739228,764524,776787,796260,818956,840892,864115
613,677571,700336,719892,739855,764082,776477,796354,818820,False,863773
614,677600,700295,719766,741266,764001,775994,796308,818518,841315,863706
615,677777,700064,719218,742971,764285,775790,796236,818852,841612,863462
616,677899,700135,718980,743963,764749,775355,795907,818976,841529,863461
617,677862,700215,718631,743939,765473,775350,795884,818888,841429,863628
618,677597,700502,718785,743135,765807,775654,796018,818934,841108,863716
619,677324,700344,719352,741171,765387,775777,795706,818783,841049,863918
620,677255,700083,719671,739587,764759,776315,795870,818937,840945,863960
621,677136,700444,719967,739345,763801,776498,796001,818838,840674,863976
622,677460,700253,719915,740011,762941,776492,796152,818850,841154,864027
623,677737,699965,719748,741615,762783,776046,796591,819001,841349,False
624,677918,700113,719623,742957,763093,775461,796364,818836,841327,863597
625,678113,700175,719030,743708,764457,775130,796310,818976,841534,863349
626,677829,700296,718890,743649,765888,775222,796084,818838,841349,863623
627,677617,False,718999,742429,766928,775531,795756,818771,841386,863932
628,677172,700169,719107,741087,766900,776277,795697,819261,841066,864042
629,676990,699995,719578,740008,765240,776427,795685,819133,840911,864085
630,677398,700163,719842,739675,763458,776380,796097,819112,841241,863945
631,677670,700186,719997,740397,762225,776293,796136,819010,841124,863807
632,677863,700036,719819,741340,761992,775866,796129,818906,841387,863604
633,678238,700207,719149,742712,763215,775797,796444,819046,841591,863591
634,678047,700187,718860,743579,764915,775536,796338,818954,841582,863823
635,677662,700321,718364,743318,766537,775564,796306,818931,841473,863540
636,677352,700476,718421,742585,767232,775867,796191,819075,840927,863636
637,677091,700179,719003,741110,766416,775978,795745,818908,840873,863877
638,677235,700230,719365,740130,764977,776252,795620,818857,841018,864047
639,677124,700162,719899,739843,763289,776411,795590,818885,841004,863972
640,677564,700078,720009,740184,762161,776104,795852,818883,False,863582
641,678006,700086,719838,741511,False,775873,796324,819149,1682473,863577
642,678219,699969,719659,742823,764283,775613,796436,818898,16678,863659
643,678160,False,718975,743417,763140,775597,796640,818953,841631,863554
644,677461,False,718568,743240,762778,775777,796470,818941,841655,863724
645,677042,700151,718454,742140,763072,775723,795825,818774,841535,863837
646,676997,700216,718847,741211,764152,776100,795616,818829,841153,863974
647,676882,700275,719631,740312,765421,776352,795385,818820,841104,864198
648,677416,700060,720031,739808,765774,776513,795583,818810,840808,864096
649,677978,700214,720164,740537,765814,776163,795835,818830,840621,864101
650,False,700255,719920,741661,765122,775265,795942,818784,841026,863782
651,677447,700118,719415,742786,764383,775024,796330,818908,841185,863729
652,677872,700363,718928,743434,763966,775242,796442,818864,841392,863846
653,678038,700305,718565,743142,763328,False,796371,818858,841673,863696
654,678072,700183,718703,742314,763261,False,796056,818930,841606,863670
655,677608,700300,False,740856,764134,776395,795797,818811,841602,863859
656,677379,700177,2113535,740003,764700,776636,795552,818934,841333,863764
657,677237,700289,719311,740068,765195,776473,795422,818856,841060,863954
658,677008,700085,719932,740899,765206,775902,795512,818904,840875,863925
659,677234,699979,720130,742042,764852,775347,796100,819006,840583,863769
660,677601,700101,719813,742899,764539,775390,796555,818906,840885,863743
661,677979,700093,719404,743322,764092,775455,796642,818939,841233,863200
662,678099,700423,718869,743139,763980,775725,796371,818934,841754,863404
663,677750,700463,False,741967,764064,775974,796118,818750,842033,863616
664,677587,700216,False,740554,764281,776076,795885,819092,841513,863668
665,677116,700398,2875771,739649,764892,776399,795587,819159,841192,864070
666,677119,700180,360273,739769,765013,776129,795595,818980,840936,864052
667,677435,700154,719960,740821,765225,775777,795968,818892,840714,864157
668,677365,700330,719801,742150,765174,775428,False,818703,840829,864168
669,677461,700188,719742,743229,764430,775082,795469,818744,840808,864000
670,False,700221,719528,743504,764037,775355,795248,818708,841206,False
671,677510,700114,718927,742807,False,775864,795696,818756,841659,863838
672,677677,700207,718728,741793,764180,776308,796355,818961,841563,863982
673,678042,700353,718629,740431,764534,776701,796530,818815,841602,863929
674,677845,700101,718961,739891,765087,776373,796600,False,841507,863959
675,677588,700212,719469,740297,765237,775925,796429,818797,841137,863504
676,677573,False,719695,741101,765011,775571,796068,818772,840806,863197
677,677144,-532481,719854,742287,764734,775297,795928,818759,840672,863355
678,677181,700237,719719,743200,764037,775422,795719,818854,840917,863477
679,677372,700322,719322,743113,763653,775481,795745,818627,841246,864280
680,677633,700244,719147,742443,763790,775861,796020,818860,841508,864887
681,677854,700176,718749,741413,764272,776168,796176,818845,841702,864804
682,677805,699940,718882,740673,765168,776147,796458,818752,841587,864482
683,677821,699729,719406,740381,765437,776442,796502,818965,841380,863596
684,677741,700005,719390,740470,765420,776075,False,818783,841115,863076
685,677379,700229,719651,741484,764982,775518,-4456449,818976,840834,862642
686,677349,700325,719664,742359,764193,775323,796177,819000,840819,862576
687,677249,700387,719414,742909,False,775039,795712,818961,840932,863155
688,677348,700216,719150,742942,763863,775290,795594,818966,841108,863956
689,677596,700091,718863,742205,764408,775878,795734,818739,841292,864836
690,677627,699914,719031,741540,764877,776481,795951,818846,841342,865290
691,677977,699962,719418,741047,765236,776834,796327,818989,841422,864819
692,677785,700280,719823,740743,765260,776401,796346,818848,841200,863934
693,677392,700168,719982,741184,764823,776035,796232,819090,840979,862790
694,677439,700333,719643,741761,764480,775753,796098,818986,841167,862316
695,677185,700369,719330,742356,763972,775185,795760,818998,840985,862839
696,677195,700150,719166,742519,763853,775245,795837,819124,841063,863501
697,677361,700244,719106,742146,764059,775401,795966,818846,841214,864557
698,677579,700124,719356,741940,764407,775875,795942,819017,841310,865367
699,677984,700096,719581,741458,764901,776517,796043,818879,841475,865312
700,677743,700127,719668,741035,764969,776497,796030,818715,841532,864618
701,677534,700079,717930,740956,764852,776498,796157,818943,841448,False
702,677389,700106,718765,741123,764780,775934,796078,818877,841278,False
703,677177,700199,720037,741768,764276,775418,795945,819081,841070,862388
704,677402,700297,720977,742067,764366,775292,795882,819084,841055,862155
705,677497,700504,721346,742177,764250,775329,795677,818920,840911,862461
706,677665,700369,720134,742116,764313,775888,795876,819138,840846,863723
707,677897,700224,718489,741891,764627,776303,796119,819008,841069,864748
708,677835,700127,717134,741663,764494,776597,796065,818969,841100,865299
709,677839,699786,716674,741289,764566,776533,796165,818961,841268,865002
710,677581,700079,717980,741066,764408,775934,795920,818793,841259,864100
711,677388,700223,719788,741319,764111,775578,795746,818912,841244,863356
712,677453,700357,721607,741397,764487,775400,795831,818756,841288,862829
713,677283,700496,722567,741880,764475,775348,795825,818657,841039,862473
714,677628,700269,721605,742274,764719,775935,796107,819032,841220,862734
715,677735,700381,719510,742317,764924,775890,796193,818933,841079,863348
716,677684,700149,False,742026,764568,776001,796109,818964,840918,864303
717,677735,700094,722635,741434,764429,775819,796235,818898,841228,864742
718,677541,700168,721100,741057,764071,776077,795899,818825,841357,863807
719,677499,700091,718609,740998,False,776270,795870,818769,841405,862836
720,677587,700118,716579,741116,764397,776212,795829,818678,841308,862543
721,677330,700278,715963,False,764737,776129,795825,818740,841068,862658
722,677567,700282,716686,1483295,764813,775646,796039,818884,841227,863057
723,677618,700389,718672,16710,764657,775451,796279,818830,841129,864047
724,677676,700321,720535,741943,764744,775533,796324,818935,841038,864624
725,677712,700354,721907,741593,764343,775785,796292,818824,841122,864929
726,677449,700159,722249,741365,764097,776215,795973,818943,840974,865006
727,677604,699949,721402,740972,764027,776148,796097,818897,841123,864460
728,677629,700100,719765,741019,764111,775959,795899,818728,841343,863829
729,677498,700118,717814,741327,764549,775892,795732,818837,841592,862950
730,677681,700095,716587,741659,764810,775721,795891,818897,841791,862743
731,677620,700260,716930,742300,765202,775747,795815,818940,841409,863241
732,677659,700372,718045,742042,765233,775665,796141,818974,840988,863636
733,677756,700389,719946,741822,764726,775624,796175,818861,840648,864288
734,677809,700134,721370,741608,764370,775827,796216,819002,840506,864343
735,677662,699984,721393,741316,False,775860,False,818973,841122,863967
736,677462,699977,720770,741233,764702,775454,796124,818629,841738,863797
737,677260,699871,719454,741128,764781,775079,796144,818763,841999,863428
738,677488,700273,718120,741513,764547,774911,796174,818742,841905,863565
739,677499,700392,717559,741986,764389,775475,796088,818832,841281,863769
740,677795,700141,717387,742006,764465,776129,796334,818722,840893,863740
741,677755,700228,False,742051,764242,776964,796147,818623,840518,864060
742,677574,700012,721026,741814,764349,777640,796026,818984,840090,864160
743,677592,700221,721644,741380,764223,777309,796086,818887,840204,864235
744,677286,700340,720858,741378,764468,776570,795924,818820,840548,864122
745,677508,699932,719613,741201,764738,775285,796197,819015,841162,863768
746,677729,700163,718228,741501,764663,774384,796192,818843,841874,863833
747,677621,700129,717413,741834,764780,774123,796123,818896,842311,863753
748,677708,700058,717810,741873,764488,774214,796231,818690,842293,864011
749,677576,700300,718638,742120,764289,774828,796082,818588,841539,864168
750,677550,700086,719698,741866,764329,776033,796252,819027,840760,863948
751,677702,700291,720597,741498,764238,777120,796246,819058,840271,863511
752,677368,700308,720689,741284,764392,777971,796036,819172,840129,863097
753,677392,700196,720505,740995,764374,777771,796109,819158,840597,862808
754,677437,700193,719555,741547,764282,776931,795903,818822,841373,863476
755,677502,699927,False,741820,764653,775944,795834,818790,842009,864021
756,677495,699973,3014655,741929,764701,774730,796080,818657,842292,864518
757,677444,700134,718289,741932,764716,774320,796117,818746,842009,864727
758,677799,700183,718280,741651,764613,774282,796391,818797,841584,864454
759,677755,700459,719138,741598,764454,775120,796357,818698,840689,864112
760,677499,700275,719706,741517,764522,776315,796082,819008,840083,863509
761,677604,700186,720110,741556,764370,777042,796011,819046,840078,863496
762,677444,700136,720108,741664,764439,777346,795874,819089,840402,863399
763,False,700038,719469,741686,764471,776895,795990,819140,841219,863413
764,677733,700282,719052,741876,764443,775985,795750,818819,841868,863836
765,677555,700276,718776,741865,764735,775232,795657,818671,842227,863995
766,677399,700356,718986,741484,764765,774555,796165,818606,842164,864238
767,677641,700520,719578,741407,False,774551,796318,False,841431,864362
768,677575,700220,719905,741263,-1397569,775198,796298,818998,840648,864049
769,677651,False,720019,741344,764667,775962,796232,818787,839926,863593
770,677628,700308,719970,741809,764537,776866,795980,818901,840593,863094
771,677417,700086,719522,741861,764467,777243,795872,818890,False,862835
772,677609,700354,False,741970,764395,776792,795725,818862,842358,863321
773,677479,700260,-4293953,741745,764394,776036,795918,819096,841829,863591
774,677289,700266,718680,741544,764582,775245,796415,819114,841410,864142
775,677465,700235,718476,741622,764386,774945,796299,819148,840954,864443
776,677556,699999,719065,741487,764606,774933,796506,819186,840492,864189
777,677664,700103,719819,741421,764744,775254,796329,818883,840354,864045
778,677610,700120,720494,741519,764507,775970,796023,818882,840239,863634
779,False,700074,720391,741570,764676,776546,795914,818677,840935,863255
780,5420071,700186,719514,741771,764600,776918,795586,818730,841624,863368
781,677670,700019,718772,741834,764370,776830,795633,818893,841692,863353
782,677471,700392,718177,741927,764574,776250,795713,818944,841894,863732
783,677508,700426,718492,741814,764460,775845,796078,819331,841555,864273
784,677777,700151,719248,741558,764430,775190,796608,819110,840948,864226
785,677598,700234,719981,741334,764350,775040,796666,818949,840755,864031
786,677537,700133,720616,False,764370,775333,796394,818836,840458,863557
787,677343,700180,720054,741780,764662,775696,795932,818582,840757,863467
788,677401,700244,719366,741879,764651,776463,795513,818607,840977,863568
789,677506,700168,False,742109,764699,776635,795627,818704,841088,863661
790,677401,700332,704511,741929,764663,False,795887,818860,841500,863914
791,677820,700166,718212,741559,764424,775834,796060,819261,841558,863884
792,677737,700039,718352,741334,764471,775477,796480,819095,841917,863946
793,False,700112,718768,741033,764328,775289,796409,819099,841884,864002
794,677498,700036,719641,741306,764312,775262,796267,819009,841434,863760
795,677475,700234,720507,741667,764413,775697,796188,818808,841032,864043
796,677475,700093,720486,741984,764480,776036,796096,818939,840445,864237
797,677735,700019,719901,742415,764743,776455,795991,933646,840350,864136
798,677704,700160,718897,742191,764742,776631,795755,818978,840564,863762
799,677646,699919,717887,741753,764655,776108,795876,818923,841044,863384
800,677552,700091,717814,741453,764710,775971,796129,819124,841842,863425
801,677328,700128,718394,740965,764433,775251,796288,819148,841980,863663
802,677453,700263,719572,741006,764514,775155,795986,818902,841908,863865
803,677480,700177,720563,741182,764602,775260,796193,818766,841727,864174
804,677743,700067,721064,741667,764439,775626,False,818591,841148,863904
805,677796,700255,721074,742185,764521,776047,796033,818750,841066,863695
806,677474,700048,False,742249,764442,776003,796103,819093,840848,863449
807,677528,700173,-255233,742445,764485,776079,796124,819297,840498,863219
808,677524,700198,718544,742120,764624,776151,796422,819101,840551,863420
809,677541,700174,717653,741432,764542,775637,796253,819039,840546,863638
810,677588,700430,717469,741320,764729,775652,796115,818866,841199,864050
811,677340,700234,718324,740950,764792,775708,796052,818509,841762,864354
812,677728,700173,719813,741128,764817,775694,796043,818768,841823,864202
813,677857,700123,721196,741804,764835,776069,796433,818815,841923,864113
814,677593,699932,721633,741985,764468,776050,796435,818904,841599,863679
815,677819,700110,720760,742370,764246,776097,796347,818991,841203,False
816,677897,700187,719249,742285,764167,776151,796291,818857,840890,865306
817,677787,700402,718007,741883,False,775802,795997,819043,840417,865251
818,677446,700557,717216,741522,764757,775850,796186,819026,840781,864469
819,677252,700336,717761,740903,764573,775738,796204,818988,841233,863457
820,677294,700231,718845,740773,764367,775757,795860,818957,841543,862416
821,677371,699935,720264,741164,764549,775905,795942,818666,841829,862137
822,677738,699734,False,741554,764454,775886,795729,818787,841695,862541
823,677937,699975,717873,742273,764543,776032,795843,819103,841503,863469
824,677746,700094,719219,742398,764737,775911,796192,818985,841182,864811
825,677638,700187,720533,742350,764659,775660,796134,819060,840651,865378
826,677369,700450,721105,741868,764650,775633,796442,818919,840504,865261
827,677299,700295,720934,741396,764625,775569,796283,819145,840499,864663
828,677626,700285,719754,741233,764456,775724,795791,818840,841008,863574
829,677564,699988,718624,741050,764386,775902,795731,818979,841534,862662
830,677631,699946,718006,741345,764246,775898,795708,818869,841757,862230
831,677960,700054,717777,741837,764186,776014,796105,818924,842050,862579
832,677744,699980,False,742111,764347,775804,796298,819168,841664,863722
833,677715,700251,2873815,742357,764349,775636,796268,False,841028,864536
834,677603,700344,360506,742239,764659,775768,796320,819002,840880,865018
835,677401,700322,720349,741834,764559,775497,796097,818647,840880,865035
836,677272,700503,720908,741438,764401,775747,796066,818793,841039,864436
837,677126,700347,720596,False,764492,775704,795886,818811,841152,863646
838,677563,699951,719472,741721,764316,775941,795807,818929,841397,862848
839,677780,699757,718624,741420,764437,776140,795974,819199,841671,862442
840,677837,699993,717874,741273,764417,775954,796045,819019,841507,862849
841,677872,700236,717802,741242,764453,775837,796071,819078,841327,863441
842,677622,700165,718481,741619,764590,775569,796191,818800,841116,864236
843,677507,700287,719447,741709,764527,775507,False,818563,840894,864641
844,677353,700441,720580,741788,764599,775758,524287,818738,840975,864912
845,677248,700205,721090,741971,764546,775796,796158,818822,840892,False
846,677397,700071,720732,741767,764313,776044,795833,819043,841130,3458919
847,677605,699941,719801,741929,764318,776169,795657,819155,841531,432466
848,677841,699892,718369,741830,764314,776036,795882,819105,841574,863668
849,677837,700169,717631,741661,764320,776036,795805,819073,841674,863481
850,677592,700085,717797,741555,764532,775577,795962,818930,841361,863414
851,677589,700339,718670,741423,764490,775417,796279,818759,841046,863309
852,677286,700542,720008,741763,764543,775704,796479,818811,840865,863542
853,677332,700443,720771,741865,764478,775942,796425,819006,840591,863624
854,677520,700377,720772,741585,764528,776387,795939,-1,840923,863883
855,677285,699919,720264,741664,764675,False,795898,819063,841147,864119
856,677736,700133,719165,741385,764511,1552327,795917,818906,841222,864098
857,677893,700108,718251,741302,764528,16646,795943,818877,841643,864241
858,677601,False,717813,741541,764730,775936,796283,819001,841682,863789
859,677457,699904,717947,741707,764649,775755,796141,818961,841557,863477
860,677548,700066,False,742075,764797,775526,796031,819027,841314,863562
861,677498,699963,-5271905,742074,764516,775721,796145,818986,840758,863381
862,677644,700120,360090,741650,764337,775882,796126,818914,840811,863521
863,677544,700275,720611,741424,764220,775782,796253,818873,840832,863629
864,677326,700254,720451,741213,764179,775933,796017,818795,841005,863621
865,677601,700416,719952,741322,False,775849,795888,818959,841513,863909
866,677342,700284,718729,741562,764511,775963,795944,819094,841723,863939
867,677341,700241,718127,741522,764308,775839,795971,818873,841815,864139
868,677574,700184,718200,741991,764371,775575,796214,818894,841530,864316
869,677437,700036,718590,742080,764091,775614,796333,818660,841005,864147
870,677738,700075,719677,742046,764319,775623,796355,818641,840636,864026
871,677710,700056,720223,742045,764505,775785,796180,818835,840266,863610
872,677713,700281,720422,741678,764570,776066,795852,False,840470,863478
873,677814,False,720042,741437,764860,775928,795932,-1,840989,863643
874,677529,700310,718795,741172,764874,776002,796064,818906,841573,863693
875,677251,700260,718334,741397,764803,775946,796004,818895,842066,863940
876,677238,700021,718135,741772,764665,775839,796330,818933,842195,864027
877,677470,700153,718609,742079,False,775803,796208,819078,841998,864004
878,677789,700066,719507,742356,-1048577,775807,796281,819030,841579,864017
879,677824,700274,720122,742103,764340,775726,796311,819079,840929,863715
880,677747,700361,720604,741650,764203,775768,796149,818905,840644,863674
881,677608,700448,720323,741598,False,775869,796093,818752,840180,863471
882,677469,700726,719401,741264,764280,776262,795864,818842,840139,863470
883,677555,700568,718647,741102,764425,776042,795919,818816,840843,863872
884,677446,700270,718178,741279,764057,775784,796090,819194,841291,863808
885,677468,700133,718574,741591,764386,775976,795992,818983,842006,864013
886,677665,700083,718875,741910,764751,776006,796217,818772,842282,864066
887,677546,700226,719354,False,764902,775978,796249,818892,841920,863929
888,677635,700262,720028,5636095,765010,775756,796120,818719,841422,864167
889,677537,False,720193,742037,764838,775667,796074,818853,840634,863966
890,677458,699981,720351,741907,764640,775990,795974,818952,840209,863727
891,677543,700261,719684,741544,764068,776047,796034,818808,840219,863666
892,677361,700227,718711,741256,763714,776153,796021,819038,840478,863570
893,677539,700380,718449,741067,764002,775993,795728,818950,841288,863739
894,677644,700343,718484,741183,764233,775732,795866,818969,841717,863551
895,677500,700143,719052,741713,764645,775869,795939,819071,841549,863494
896,677712,700207,719694,742009,764919,775569,796233,819061,841480,863623
897,677575,700012,720332,742144,764881,775596,796373,819146,841298,863522
898,677478,700183,False,741965,764743,775896,796202,818779,841377,863916
899,677491,700210,719656,741699,764551,775910,796334,818729,841148,864284
900,677454,700233,719916,741372,764663,776163,796127,818804,840994,864410
901,677679,700513,720158,741022,764670,776087,795907,818532,False,864224
902,677696,700532,720191,741260,764318,775790,795852,818798,840962,863752
903,677656,700361,719617,741589,764415,775636,False,818999,841339,863544
904,677797,700202,719284,741646,764303,False,4075519,818958,841568,863606
905,677674,699820,718844,742074,764373,775728,795957,819150,841845,863351
906,677618,700181,718567,742006,764641,775854,796171,818975,841585,863436
907,677612,700149,718949,741665,764463,776214,796172,818855,841202,863212
908,677475,700171,719130,741541,764663,776162,796560,818915,841064,863922
909,677636,700319,719589,741209,764647,776056,796364,818935,840739,864287
910,677657,700181,719783,741196,764626,775894,796085,819047,840878,864539
911,677536,700305,720045,741275,764638,775791,795997,818980,840620,864504
912,677578,700318,720110,741476,764448,775747,795653,818870,840936,864345
913,677520,700101,719432,741925,764614,775730,795552,819167,841473,863756
914,677719,700121,719329,741943,764662,775888,795602,818966,841573,863071
915,677590,700026,719138,741980,764240,775854,795900,818895,841803,862897
916,677588,700077,718778,741926,764321,775788,796506,818980,841721,862748
917,677568,700314,718807,741457,764350,776156,796715,818936,841310,863140
918,677241,700197,718937,741288,764634,776158,796651,818931,840939,863868
919,677484,700327,719338,741139,764985,776114,796202,818695,840552,864441
920,677579,700283,719631,741298,765078,775854,795791,818720,840716,865171
921,677489,700219,719625,741719,765027,False,795591,819009,841040,865019
922,677704,700288,719497,742012,764620,1550797,795331,818819,841229,864135
923,677568,700157,719313,742308,764146,16881,795650,818846,841729,863393
924,677468,700245,719106,742022,764122,775620,796263,818633,841678,862920
925,677437,700223,719143,741722,763886,775820,796441,818746,841346,862912
926,677487,700202,719314,741554,764291,775917,796602,819205,841009,863231
927,677833,700421,719580,741441,764450,776257,796366,818952,840564,863775
928,677635,700170,719521,741591,764487,776094,796038,818965,840646,864705
929,677471,700052,719370,741713,764799,775816,795962,818789,840868,864793
930,677567,700114,False,741520,764629,775695,795823,818780,841138,864752
931,677447,699939,719240,741849,764676,775498,795872,818978,841446,False
932,677620,700207,719389,741741,764630,False,795676,818881,841778,False
933,677583,700145,719137,741726,764377,775924,795700,819030,841945,863148
934,677514,700091,719260,741726,764274,775595,796435,819115,False,862722
935,677523,False,719497,741497,764105,775663,796570,818782,842299,862500
936,677479,700240,719652,741740,764264,775845,796627,818918,842408,862859
937,677516,700004,719497,741737,764361,775857,796424,818840,841833,863739
938,677367,700111,719064,741875,764316,776069,795944,818899,840994,864555
939,677459,700232,718909,741838,764675,776085,795763,818936,840645,865126
940,677580,700223,719030,False,764818,775946,795503,818648,840439,865317
941,677472,700316,719192,1974271,765067,775876,795710,818958,840356,864615
942,677450,700259,719577,741614,765186,775676,796102,819080,840711,863979
943,677363,700462,719859,741498,764636,775763,796393,818752,840980,863033
944,677448,700181,719816,741463,764472,775795,796778,818889,841630,862434
945,677745,False,719579,741659,764291,775542,796655,818941,842067,862640
946,677583,False,719074,741782,763947,775792,796200,819076,842087,False
947,677501,700302,718938,741854,764147,775973,795987,818795,841803,6906151
948,677468,700187,718864,741672,764334,775787,795573,818693,841043,864084
949,677398,700076,718985,741143,764427,False,795525,818931,840485,864318
950,677687,700119,719406,741405,764567,-4972545,795783,818922,840437,864527
951,677504,700005,719579,741642,764489,776018,796111,819033,840838,864870
952,677351,700281,719902,741809,764695,776072,796559,819130,841328,864566
953,677650,700312,719840,741971,764644,776012,796759,818996,841570,864171
954,677510,700081,719432,741694,764450,776208,796640,819092,841663,863777
955,677577,700283,719198,741674,764641,775934,796086,818906,841534,863263
956,677650,700054,718746,741548,764406,False,795464,818807,841153,863198
957,677483,700143,718955,741480,764415,3102855,795509,818909,841102,863238
958,677628,700214,719085,741681,764522,388853,795411,818800,840921,863371
959,677570,700070,719285,741616,764488,775879,795792,818979,840775,863621
960,677629,700321,719730,741676,False,775789,796553,818992,840862,863823
961,677589,700388,719877,741749,False,776109,796832,818952,841029,864141
962,677513,700239,719809,741770,764498,776034,796909,819060,841543,863974
963,677571,700319,False,741936,764472,775894,796346,818789,841571,False
964,677569,700190,719039,741702,764603,776054,795592,818947,841540,863814
965,677503,700123,False,741590,764414,775719,795241,819089,841456,863828
966,677627,700162,719011,741459,764368,775813,794971,False,False,863740
967,677532,False,719306,741368,764280,775739,795381,818902,840931,863430
968,677645,-1048577,719428,741379,764172,775603,795977,819129,841145,863483
969,677594,700117,719344,741292,764542,False,796569,819037,841597,863523
970,677506,700003,719721,741415,764406,775594,797183,818906,841823,863894
971,677563,False,719686,742002,764659,775723,796976,819144,842056,864252
972,677298,700031,719487,742394,764901,775695,796330,819036,841617,864134
973,677400,700091,719175,742402,764632,775739,795740,818842,841047,864302
974,677492,700119,718893,742034,764724,776212,795052,819060,840479,863963
975,677366,700116,719209,741537,764520,776146,794964,818904,840129,863729
976,677735,700322,719206,741417,764382,776189,795499,818728,840430,863401
977,677643,700188,719363,741002,764310,776008,796259,818713,840833,863108
978,677454,700228,719705,740955,764201,775696,796949,818808,841451,863563
979,False,700084,719759,741398,764473,775736,797027,819188,841991,864111
980,-5304833,699947,719773,741976,764498,775599,796890,819127,841979,864630
981,677428,700065,719411,742425,764665,775450,796287,False,False,864764
982,677408,False,719084,742191,764889,775804,795314,818840,841564,864435
983,677507,700070,718981,741996,764796,775800,794895,818799,841922,863931
984,677302,700165,718933,741776,764689,False,794987,818721,841989,863216
985,677569,699818,719082,741344,764377,775808,795678,818728,841754,863063
986,677584,699967,719284,741192,764180,775884,796403,818892,841262,863129
987,677731,699994,719346,741290,764426,775934,796859,818960,840943,862949
988,677652,699990,719658,741430,764484,775889,796924,819172,840652,863262
989,677525,700306,719476,741869,764680,775932,796528,818984,840588,864076
990,677561,700235,719297,741909,764528,776025,795903,818801,841065,864775
991,677456,700235,719262,742150,764360,775839,795387,818948,841178,865221
992,677354,700167,719036,742016,764591,775714,794937,818749,841725,864845
993,677388,699945,719279,741603,764387,775792,795415,818907,841994,864036
994,677375,700108,719233,741475,764502,775646,795936,818892,841716,863209
995,677549,699982,719442,741114,764596,775899,796452,818678,841216,862774
996,False,699988,719738,741229,764544,False,796796,818956,840435,862916
997,677408,700217,719483,741443,764790,3103527,796701,819033,840438,863207
998,677258,700305,719241,741675,764696,388710,796506,819021,840753,863604
999,677461,700272,719121,742031,764424,775908,796015,818876,841143,863972
