,Time,Total_Forces,Left_Forces,Right_Forces,Back_Forces,Front_Forces,Total_Mass,LC1,LC2,LC3,LC4
0,0.0,0.025265950292069787,0.02937323466498242,-0.004107284372912634,-0.01199430229534526,0.03726025258741505,0.0025755301011284185,-0.08960845451155855,0.07761415221621329,-0.04824091755123087,0.08550117013864592
1,0.012069940567016602,-0.010051509516849896,0.01750793820790654,-0.027559447724756436,-0.03384472392223474,0.023793214405384844,-0.0010246187071202748,-0.10475722408650262,0.07091250016426788,-0.05340456195636134,0.07719777636174618
2,0.02410721778869629,0.036363592908231955,0.053517218519405586,-0.01715362561117363,0.013809864471286709,0.022553728436945246,0.003706788267913553,-0.0874319071588367,0.1012417716301234,-0.04772455311071782,0.07027828154766307
3,0.036087989807128906,-0.007452667690296358,0.0010771588052509579,-0.008529826495547316,-0.024561285799896096,0.017108618109599738,-0.000759701089734593,-0.09134969239373603,0.06678840659383993,-0.06571124778858897,0.08281986589818871
4,0.04839158058166504,0.021927004036330848,0.04577359952416391,-0.023846595487833064,0.007643332604314448,0.0142836714320164,0.0022351686071693014,-0.09248149701715139,0.10012482962146584,-0.054351230097301924,0.06863490152931832
5,0.06093573570251465,0.026558690158954415,0.014986878667210032,0.011571811491744383,0.013487566766834519,0.013071123392119896,0.002707307865336841,-0.07271844705443699,0.08620601382127151,-0.07121913515406147,0.08429025854618137
6,0.07288837432861328,-0.014181858121724802,0.009757923631093207,-0.02393978175281801,-0.033097751773120215,0.018915893651395413,-0.001445653223417411,-0.10675964765100672,0.0736618958778865,-0.0639039722467933,0.08281986589818871
7,0.08481884002685547,0.04541672991704687,0.03622355773133612,0.009193172185710752,0.03239063281434219,0.013026097102704678,0.004629636077170935,-0.06610174310216257,0.09849237591650477,-0.06226881818516865,0.07529491528787333
8,0.09675359725952148,-0.01018430919844017,-0.005659455759286169,-0.004524853439154,-0.019355519078938926,0.009171209880498757,-0.0010381558815943089,-0.10057825316927667,0.08122273409033774,-0.08688218984962391,0.09605339973012267
9,0.10868334770202637,0.028681941123379316,0.052040257782529235,-0.02335831665914992,0.012478956704049873,0.016202984419329443,0.00292374527251573,-0.09718283929903059,0.10966179600308046,-0.05762153822055122,0.07382452263988067
10,0.12068915367126465,0.030424014079756437,0.024538057452317227,0.0058859566274392094,0.017915147307745877,0.01250886677201056,0.0031013266136347027,-0.06923597129008204,0.08715111859782791,-0.06261306114551068,0.07512192791752124
11,0.1326298713684082,-0.03859348509058105,0.002022405705842306,-0.04061589079642336,-0.04973360597794359,0.011140120887362534,-0.0039340963395087716,-0.11738119873228935,0.06764759275434576,-0.06562518704850345,0.07676530793586599
12,0.1445608139038086,0.03214297339100854,0.04173641943803102,-0.009593446047022475,0.013451154630647874,0.01869181876036067,0.003276551823752145,-0.08203406972408651,0.09548522435473439,-0.05374880491670337,0.07244062367706404
13,0.15648698806762695,-0.010265770187189306,0.011314123154378637,-0.021579893341567943,-0.04688342903351658,0.036617658846327276,-0.0010464597540458009,-0.11624939410887399,0.0693659650753574,-0.058051841920978765,0.09466950076730604
14,0.16840696334838867,0.019165721155537843,0.025066644559833887,-0.0059009234042960435,-0.0063638611297257425,0.025529582285263586,0.0019536922686582917,-0.08612597874720358,0.07976211761747784,-0.054695473057643954,0.08022505534290754
15,0.18041729927062988,-0.010575943056681747,0.006133281741022151,-0.016709224797703898,-0.005841489765072497,-0.00473445329160925,-0.0010780777835557335,-0.08560360738255034,0.07976211761747784,-0.07362883587645569,0.06889438258484644
16,0.19234824180603027,-0.013675292556035695,0.017313787502322042,-0.030989080058357737,-0.01591305804662417,0.0022377654905884753,-0.001394015551073975,-0.10014294369873229,0.08422988565210812,-0.06691609814978608,0.06915386364037455
17,0.20427775382995605,0.05779416630921054,0.06228120160463482,-0.004487035295424283,0.0415553427802972,0.016238823528913343,0.005891352325097914,-0.06827829045488443,0.10983363323518162,-0.0475524316305468,0.06379125515946014
18,0.21621251106262207,-0.030709031009032245,-0.007282529277942124,-0.02342650173109012,-0.0337106148660572,0.003001583857024953,-0.0031303803271184754,-0.10763026659209546,0.07391965172603826,-0.08120218100398038,0.08420376486100534
19,0.228193998336792,0.014730105241653066,0.02830724875978373,-0.013577143518130663,0.0016680736964343051,0.01306203154521876,0.001501539779985022,-0.09605103467561522,0.09771910837204953,-0.0694118596122658,0.08247389115748456
20,0.24019622802734375,-0.03677972154520909,0.007752375786700211,-0.0445320973319093,-0.01833346914911957,-0.01844625239608952,-0.0037492070892160127,-0.10780439038031321,0.08947092123119364,-0.08171854544449343,0.06327229304840391
21,0.2521493434906006,-0.03886292717768375,-0.022329088513448364,-0.016533838664235384,-0.03307505897363308,-0.005787868204050667,-0.003961562403433613,-0.0984887677106637,0.06541370873703062,-0.08774279725047898,0.08195492904642832
22,0.2640726566314697,0.0061518816912131125,0.01988452403016308,-0.013732642338949969,0.010812829650362246,-0.004660947959149134,0.0006271031285640278,-0.08011870805369128,0.09093153770405353,-0.07104701367389045,0.06638606571474132
23,0.2760024070739746,-0.04984988388250802,-0.0034088011058497902,-0.04644108277665823,-0.04867725770637549,-0.0011726261761325352,-0.005081537602702143,-0.12199547912005967,0.07331822141368419,-0.07672702251953398,0.07555439634340144
24,0.28795719146728516,0.01823192097198604,0.04044138673973555,-0.022209465767749514,0.004537686367852262,0.013694234604133777,0.001858503666869117,-0.09343917785234901,0.09797686422020127,-0.05753547748046572,0.0712297120845995
25,0.2999603748321533,-0.025075690336069933,0.029351916059743577,-0.05442760639581351,-0.02270028319126277,-0.0023754071448071623,-0.0025561356102008085,-0.1132022278150634,0.09050194462380062,-0.061150028564057046,0.058774621419249884
26,0.3472614288330078,0.03438715607408297,0.04104082731560068,-0.0066536712415177085,0.004339553740410396,0.030047602333672575,0.003505316623250048,-0.09544160141685311,0.0997811551572635,-0.058740327841662825,0.0887879301753354
27,0.36928820610046387,-0.017286198879287687,-0.006401029643952977,-0.01088516923533471,-0.019873835616395108,0.002587636737107421,-0.0017620997838213748,-0.08116345078299778,0.06128961516660267,-0.06769064481055564,0.07027828154766307
28,0.3812098503112793,0.004085381863948516,0.018186475446145815,-0.0141010935821973,-0.033141196339335294,0.03722657820328381,0.00041645075065734104,-0.11006799962714393,0.07692680328780864,-0.058740327841662825,0.09596690604494663
29,0.39313316345214844,-0.020145818824823802,-0.002465970313852192,-0.01767984851097161,-0.026159095639750995,0.006013276814927193,-0.0020536002879534966,-0.1017971196868009,0.0756380240470499,-0.0781039943609021,0.08411727117582929
30,0.40511345863342285,0.007453066992831346,0.015345049782974789,-0.007891982790143443,-0.00860117498121575,0.016054241974047097,0.0007597417933569159,-0.0863871644295302,0.07778598944831445,-0.062440939665339666,0.07849518163938676
31,0.41706132888793945,-0.015457037700502468,0.03304272132501054,-0.04849975902551301,-0.03618670107005151,0.02072966336954904,-0.0015756409480634523,-0.1326170302013423,0.09643032913129079,-0.06338760780628025,0.08411727117582929
32,0.4289853572845459,-0.019733464460913272,-0.004523042757843779,-0.015210421703069493,-0.010681686977041097,-0.009051777483872175,-0.0020115662039666945,-0.08125051267710665,0.07056882570006555,-0.07509186845790933,0.06604009097403715
33,0.44091010093688965,0.005868244464764583,0.0406025646692173,-0.03473432020445272,-0.012788601076193243,0.018656845540957825,0.0005981900575702938,-0.11738119873228935,0.1045925976560961,-0.0639900329868788,0.08264687852783663
34,0.45282459259033203,0.014098464782954304,0.0272694034135003,-0.013170938630545997,0.013989704649795903,0.00010876013315840038,0.0014371523733898372,-0.08682247390007458,0.10081217854987048,-0.07354277513637018,0.07365153526952858
35,0.46478748321533203,0.004091025376557381,0.017232985351528785,-0.013141959974971404,-0.0013314204422854303,0.005422445818842811,0.0004170260322688461,-0.082382317300522,0.08105089685823658,-0.06381791150670779,0.0692403573255506
36,0.47675132751464844,0.03406967259516218,0.05735740541925545,-0.02328773282409327,0.021296562371627664,0.012773110223534515,0.0034729533736149007,-0.09962057233407906,0.12091713470570672,-0.06355972928645127,0.07633283950998579
37,0.48867130279541016,0.0011525666114871463,0.004518025044287097,-0.0033654584327999504,-0.0009800885550324545,0.002132655166519601,0.00011748895122193132,-0.06871359992542879,0.06773351137039633,-0.06321548632610924,0.06534814149262884
38,0.5005924701690674,0.0005192931410822402,0.023192352898632758,-0.022673059757550518,-0.043211966866186086,0.043731260007268326,5.293508064039145e-05,-0.11146098993288592,0.06824902306669983,-0.045056670168067074,0.0887879301753354
39,0.5125212669372559,0.013758271155706686,0.0015882646564717717,0.012170006499234914,-0.01711626419468973,0.030874535350396415,0.0014024741239252482,-0.0870836595824012,0.06996739538771148,-0.0683791307312397,0.09925366608163612
40,0.5244817733764648,0.7891031124552982,0.1914320254666087,0.5976710869886895,0.8151155921916036,-0.026012479736305355,0.08043864551022407,0.4985904082774055,0.3165251839141981,-0.1250931584475894,0.09908067871128404
41,0.5616943836212158,1.564447953754891,0.3812757862767481,1.1831721674781428,1.647347448577898,-0.08289949482300714,0.15947481689652304,1.0842644761372109,0.5630829724406872,-0.1818071861639391,0.09890769134093196
42,0.5963435173034668,2.339792795054481,0.5711195470868825,1.7686732479675988,2.47957930496419,-0.13978650990970892,0.2385109882828217,1.669938543997019,0.8096407609671713,-0.2385212138802888,0.09873470397057987
43,0.6082613468170166,3.0093558593837746,0.7609633078970194,2.2483925514867553,3.311811161350481,-0.30245530196670634,0.30676410391271913,2.255612611856823,1.0561985494936579,-0.2952352415966385,-0.007220060370067838
44,0.6201879978179932,3.9874902495336553,1.0443550931801084,2.9431351563535473,4.144043017736779,-0.15655276820312386,0.40647199281688634,2.84128667971663,1.3027563380201495,-0.2584012448400411,0.10184847663691728
45,0.6321496963500977,5.035204748042665,1.3973269868223255,3.6378777612203397,4.976274874123074,0.058929873919591785,0.5132726552540943,3.4269607475764374,1.5493141265466361,-0.1519871397243106,0.2109170136439024
46,0.6441283226013184,6.082919246551674,1.7502988804645425,4.332620366087131,5.808506730509366,0.2744125160423074,0.620073317691302,4.012634815436243,1.7958719150731226,-0.04557303460858012,0.3199855506508875
47,0.6560530662536621,6.896844358611453,1.9049437985797066,4.9919005600317465,6.640738586895659,0.25610577171579413,0.703042238390566,4.59830888329605,2.042429703599609,-0.13748590501990254,0.39359167673569667
48,0.6679782867431641,7.605160681071292,2.0595887166948734,5.5455719643764185,7.472970443281955,0.13219023778933728,0.7752457371122622,5.183982951155857,2.288987492126098,-0.22939877543122497,0.36158901322056225
49,0.6798994541168213,8.28142861664248,2.231919116897613,6.049509499744866,8.305202299668249,-0.023773683025770098,0.8441823258555025,5.769657019015661,2.5355452806525887,-0.30362616375497553,0.27985248072920543
50,0.6918759346008301,8.908741126404026,2.4042495171003466,6.5044916093036775,9.13743415605454,-0.22869302965051547,0.9081285551889934,6.355331086875467,2.782103069179073,-0.37785355207872606,0.1491605224282106
51,0.7038493156433105,9.65787967993055,2.59383509569023,7.064044584240321,9.969666012440836,-0.3117863325102855,0.9844933414811977,6.941005154735274,3.028660857705562,-0.4348257620153323,0.12303942950504683
52,0.7157778739929199,10.496429324894207,2.788067954244725,7.708361370649482,10.801897868827126,-0.3054685439329199,1.0699724082460964,7.526679222595081,3.275218646232046,-0.4871506919873211,0.18168214805440122
53,0.7277061939239502,11.25219623557431,2.915173435532529,8.33702280004178,11.634129725213423,-0.38193348963911344,1.1470128680503884,8.112353290454887,3.521776434758535,-0.606602999226006,0.22466950958689258
54,0.7396323680877686,11.996722144743451,3.093226874950949,8.903495269792502,12.46636158159971,-0.4696394368562583,1.2229074561410245,8.698027358314691,3.768334223285019,-0.6751073483340703,0.20546791147781193
55,0.7515721321105957,12.853367975773327,3.369647740287109,9.483720235486219,13.298593437986005,-0.4452254622126775,1.310231190190961,9.283701426174497,4.014892011811508,-0.645244271524399,0.2000188093117215
56,0.7660837173461914,13.664628529398694,3.6241231169014654,10.040505412497229,14.130825294372302,-0.46619676497360785,1.3929284943321807,9.869375494034305,4.2614498003379975,-0.6373266834365323,0.17112991846292447
57,0.7830636501312256,14.550040390204586,3.9077730844048078,10.642267305799779,14.963057150758598,-0.4130167605540107,1.4831845453827304,10.45504956189411,4.508007588864486,-0.6002345044596784,0.18721774390566773
58,0.7950000762939453,15.059949785342399,3.797497431297573,11.262452354044825,15.46392954457648,-0.40397975923408147,1.5351630769971862,11.040723629753918,4.423205914822562,-0.6257084835249888,0.22172872429090726
59,0.8069291114807129,15.560505007978081,3.7096107881478178,11.850894219830263,15.956811507101655,-0.3963064991235743,1.5861880742077554,11.626397697613722,4.330413809487933,-0.6208030213401148,0.2244965222165405
60,0.8188714981079102,15.482586173797165,3.717171266413245,11.765414907383919,15.816185903057082,-0.33359972925991765,1.5782452776551645,11.530020180835198,4.286165722221884,-0.568994455808639,0.23539472654872143
61,0.8308568000793457,15.539017322728949,3.6823678313311863,11.856649491397762,15.9086654361782,-0.36964811344925197,1.5839976883515747,11.653430415734528,4.255235020443673,-0.5728671891124869,0.20321907566323494
62,0.8427767753601074,15.790133524456241,3.8336865742122086,11.956446950244032,16.17366955032889,-0.38353602587264823,1.6095956701790255,11.776840650633856,4.396828899695033,-0.5631423254828245,0.1796062996101763
63,0.8547115325927734,15.889054453929647,3.825738997952973,12.063315455976673,16.26553980262578,-0.37648534869613426,1.6196793531019007,11.850582074944073,4.414957727681706,-0.5892187297287335,0.21273338103259923
64,0.8666412830352783,15.6549401111681,3.700234146951476,11.954705964216625,16.076640685181097,-0.42170057401299665,1.5958144863576045,11.748632596942581,4.328008088238517,-0.6277739412870409,0.2060733672740442
65,0.8785686492919922,15.720698274544928,3.7100085454442473,12.01068972910068,16.141904468984098,-0.4212061944391706,1.60251766305249,11.791815296420582,4.350089172563516,-0.6400806271192686,0.21887443268009799
66,0.8905787467956543,15.851669615140533,3.674596715972125,12.177072899168406,16.229155801727295,-0.377486186586761,1.6158684622977098,11.906388749067862,4.322767052659431,-0.6481703366873063,0.2706841501005453
67,0.9025058746337891,15.9980853426995,3.6394928785575615,12.358592464141939,16.234268937526128,-0.23618359482662804,1.6307936129153415,12.02096220171514,4.213306735810989,-0.5738138572534275,0.33763026242679944
68,0.9144232273101807,15.843909776693177,3.5334448610171365,12.310464915676041,16.15059775206788,-0.3066879753747045,1.6150774492041975,12.02853658650261,4.122061165565271,-0.5886163045481348,0.28192832917343036
69,0.9263513088226318,15.699565520359643,3.6097035733958927,12.089861946963751,16.148766566141855,-0.4492010457822115,1.6003634577328891,11.876004148023863,4.272762418117992,-0.6630588447220992,0.2138577989398877
70,0.9382758140563965,15.550259113163179,3.619503124751554,11.930755988411624,15.968425135601402,-0.41816602243822343,1.5851436404855432,11.723471709545116,4.244953426056286,-0.6254503013047322,0.20728427886650877
71,0.9502584934234619,15.458576259956015,3.6052056688832717,11.853370591072744,15.851900073442753,-0.3933238134867376,1.5757977838895019,11.634755639448175,4.217144433994579,-0.6119387651113075,0.21861495162456987
72,0.9975650310516357,15.57066118558131,3.5946948855787566,11.975966300002554,15.882335488539887,-0.31167430295857756,1.587223362444578,11.693000046607011,4.189335441932877,-0.5946405563541204,0.2829662533955428
73,1.0196001529693604,15.74856749664847,3.584385504396896,12.164181992251573,16.01812197259686,-0.2695544759483897,1.605358562349487,11.839612276286354,4.1785096963105035,-0.5941241919136073,0.3245697159652176
74,1.031519889831543,15.84397936780457,3.664522208668793,12.179457159135776,16.292928725542883,-0.4489493577383129,1.6150845430993443,11.966896765473528,4.326031960069353,-0.66150975140056,0.21256039366224713
75,1.043440341949463,15.864852475364051,3.685630616154461,12.17922185920959,16.360943393860918,-0.4960909184968671,1.6172122808729918,11.997107242729308,4.3638361511316095,-0.6782055349771485,0.18211461648028143
76,1.172365427017212,15.806733212013004,3.7445373119179974,12.06219590009501,16.268818881603742,-0.46208566959073766,1.6112877891960249,11.87783244780015,4.390986433803594,-0.6464491218855961,0.18436345229485845
77,1.18935227394104,15.796494896373568,3.6677204506324594,12.128774445741112,16.140069350193755,-0.34357445382018625,1.6102441280707,11.874524095824013,4.265545254369743,-0.5978248037372842,0.25425034991709794
78,1.2038087844848633,15.775957942508203,3.656061243299902,12.1198966992083,16.07342313150577,-0.2974651889975676,1.6081506567286648,11.835114078424061,4.238309053081709,-0.5822478097818072,0.28478262078423966
79,1.2158632278442383,15.691610447458608,3.646586176572435,12.045024270886172,16.039082312452802,-0.34747186499419436,1.5995525430640782,11.795704061024109,4.243378251428693,-0.5967920748562581,0.24932020986206369
80,1.270721435546875,15.628022049706136,3.6243106572937815,12.003711392412354,15.991080433447799,-0.36305838374166305,1.59307054533192,11.756294043624163,4.234786389823635,-0.6104757325298539,0.24741734878819083
81,1.2827763557434082,15.750032119790712,3.7039123031776344,12.046119816613077,16.18145669154319,-0.43142457175247806,1.6055078613446188,11.839873461968681,4.341583229574509,-0.6376709263968744,0.2062463546443963
82,1.2972440719604492,15.867415389799802,3.8008442778505676,12.066571111949234,16.279196289465588,-0.41178089966578546,1.6174735361671562,11.850233827367637,4.42896246209795,-0.628118184247383,0.21633728458159748
83,1.309187650680542,15.836432248506108,3.7458403035622485,12.09059194494386,16.24784708186435,-0.4114148333582417,1.6143152139149957,11.864163730425057,4.383683351439294,-0.6378430478770454,0.2264282145188037
84,1.3337910175323486,15.78873072718294,3.7147758537932978,12.073954873389642,16.16699035226106,-0.3782596250781193,1.6094526735150805,11.837435728933633,4.329554623327427,-0.6147787695341292,0.23651914445600994
85,1.3835861682891846,15.643634683293415,3.6815566166694063,11.96207806662401,16.00261497081202,-0.35898028751860345,1.5946620472266477,11.725212947427295,4.277402023384724,-0.5958454067153175,0.23686511919671407
86,1.3955137729644775,15.668944426059216,3.665848717203887,12.00309570885533,16.007212554260256,-0.3382681282010409,1.5972420413923767,11.754726929530202,4.252485624730055,-0.5866369075261681,0.24836877932512727
87,1.4074370861053467,15.679723018137377,3.674849706028169,12.00487331210921,16.035919488761998,-0.35619647062462056,1.5983407765685398,11.762040128635348,4.27387936012665,-0.5990296540984813,0.24283318347386076
88,1.419407606124878,15.79535878966679,3.743064397079179,12.052294392587612,16.189944169321585,-0.39458537965479423,1.6101283169894791,11.845010113721104,4.344934055600482,-0.601869658521303,0.20728427886650877
89,1.4314205646514893,15.775742558050567,3.7203263119441687,12.055416246106397,16.188841292172988,-0.41309873412242115,1.6081287011264593,11.832995572334081,4.355845719838905,-0.6355194078947367,0.22242067377231559
90,1.4433462619781494,15.79458473871108,3.737350420589188,12.05723431812189,16.19872536285298,-0.40414062414189866,1.6100494127126483,11.833256758016407,4.365468604836571,-0.628118184247383,0.22397756010548428
91,1.455268144607544,15.728125907578853,3.6884075082319,12.039718399346954,16.111169094992178,-0.3830431874133239,1.6032748121894855,11.813232522371365,4.297936572620813,-0.6095290643889133,0.22648587697558942
92,1.4671857357025146,15.629540318603539,3.6191403330590086,12.01039998554453,16.021585424211274,-0.392045105607735,1.5932253128036227,11.78276085943326,4.238824564778012,-0.6196842317190032,0.22763912611126824
93,1.4791254997253418,15.702470075942466,3.645209346855102,12.057260729087366,16.07176068665306,-0.36929061071059366,1.6006595388320557,11.82846835384042,4.243292332812643,-0.5980829859575407,0.2287923752469471
94,1.5037267208099365,15.613141794662681,3.613233409280793,11.999908385381888,15.989885230246141,-0.37674343558346046,1.5915536997617412,11.769962760999256,4.219922469246884,-0.6066890599660915,0.22994562438263097
95,1.5535457134246826,15.689483427524312,3.6732602494807107,12.016223178043601,16.076513888024614,-0.3870304605003021,1.5993357214601744,11.778233640939598,4.298280247085016,-0.6250199976043047,0.23798953710400259
96,1.5654749870300293,15.800557125438198,3.7226424193526264,12.077914706085572,16.208195500822175,-0.4076383753839768,1.6106582186991028,11.847796094332589,4.360399406489586,-0.6377569871369598,0.23011861175298304
97,1.5774025917053223,15.753204816513021,3.711055060356662,12.042149756156357,16.169701049282377,-0.4164962327693563,1.6058312758932742,11.827945982475766,4.34175506680661,-0.6307000064499482,0.21420377368059187
98,1.5893282890319824,15.736922856959236,3.6532181878472665,12.083704669111972,16.13919256263103,-0.40226970567179493,1.6041715450519098,11.84701253728561,4.292180025345424,-0.6389618374981569,0.236692131826362
99,1.6012566089630127,15.75424620188058,3.682993214180364,12.071252987700218,16.140917794620393,-0.38667159273981216,1.6059374313843608,11.847534908650262,4.293382885970132,-0.6103896717897683,0.22371807904995616
100,1.6131772994995117,15.647905931209086,3.619473632468662,12.028432298740427,16.038996832516666,-0.39109090130758006,1.5950974445676949,11.79355653430276,4.245440298213907,-0.6259666657452453,0.2348757644376652
101,1.6251091957092285,15.685807524773406,3.642175191726696,12.043632333046709,16.059917184743437,-0.37410965997003165,1.5989610116996336,11.803307466442954,4.256609718300483,-0.6144345265737873,0.24032486660375565
102,1.6370599269866943,15.613655651329541,3.651400745800036,11.962254905529505,15.985355272965018,-0.371699621635477,1.5916060806656005,11.739055788590605,4.246299484374413,-0.5948987385743769,0.22319911693889993
103,1.649003028869629,15.634816133299584,3.6363453748743644,11.99847075842522,15.978345560830356,-0.34352942753077104,1.5937631124668281,11.735225065249814,4.243120495580541,-0.606775120706177,0.26324569317540597
104,1.6609866619110107,15.661622047251763,3.6947338585849336,11.966888188666829,15.991464015936053,-0.3298419686842906,1.5964956215343284,11.72007629567487,4.271387720261183,-0.5766538616762492,0.24681189299195858
105,1.6729164123535156,15.605312837792612,3.65731335453965,11.947999483252962,15.990024948984622,-0.38471211119201,1.5907556409574528,11.728260113721104,4.261764835263518,-0.6044514807238683,0.21973936953185838
106,1.6848626136779785,15.716898790618213,3.6948403187609693,12.022058471857243,16.108730564202432,-0.3918317735842184,1.6021303558224478,11.797648443325878,4.311082120876552,-0.6162418021155829,0.22441002853136446
107,1.6968002319335938,16.058797298083533,4.036354150314462,12.022443147769073,16.423772708947443,-0.36497541086390833,1.6369823953194222,11.796951948173007,4.626820760774436,-0.5904666104599733,0.22549119959606495
108,1.711266040802002,16.299529884594335,4.377867981867952,11.921661902726386,16.637648932737935,-0.3381190481435983,1.6615219046477405,11.695089532065621,4.942559400672315,-0.5646914188043637,0.22657237066076544
109,1.7308244705200195,16.54026247110515,4.719381813421444,11.820880657683707,16.85152515652844,-0.31126268542328817,1.6860614139760601,11.593227115958241,5.258298040570199,-0.5389162271487541,0.22765354172546592
110,1.7427544593811035,17.088976863002586,5.368877450361561,11.720099412641025,17.065401380318935,0.023575482683650284,1.7419956027525572,11.491364699850859,5.574036680468077,-0.20515923010651613,0.2287347127901664
111,1.7546746730804443,17.530568825809503,6.018373087301684,11.51219573850782,17.27927760410944,0.25129122170006446,1.7870100739866974,11.389502283743477,5.8897753203659615,0.1285977669357218,0.12269345476434267
112,1.7665979862213135,18.238373935974067,6.667868724241805,11.57050521173226,17.49315382789994,0.7452201080741289,1.8591614613633096,11.287639867636091,6.205513960263845,0.4623547639779597,0.28286534409616915
113,1.778512954711914,18.551235566733446,7.317364361181927,11.233871205551518,17.312086572285253,1.2391489944481933,1.8910535745905652,10.790833972123522,6.521252600161729,0.7961117610201977,0.44303723342799556
114,1.7905151844024658,18.864097197492832,7.9668599981220485,10.897237199370785,17.13101931667057,1.7330778808222627,1.9229456878178217,10.294028076610958,6.8369912400596125,1.1298687580624356,0.6032091227598271
115,1.8100237846374512,19.176958828252204,8.616355635062165,10.56060319319004,16.94995206105588,2.227006767196327,1.9548378010450767,9.797222181098387,7.152729879957492,1.4636257551046734,0.7633810120916535
116,1.8194289207458496,19.489820459011582,9.265851272002282,10.2239691870093,16.76888480544119,2.7209356535703915,1.9867299142723325,9.30041628558582,7.468468519855371,1.7973827521469115,0.92355290142348
117,1.8313589096069336,19.802682089770972,9.915346908942404,9.887335180828567,16.58781754982651,3.214864539944461,2.0186220274995894,8.803610390073255,7.7842071597532545,2.1311397491891495,1.0837247907553114
118,1.8432881832122803,19.98945034315789,10.56484254588253,9.42460779727536,16.406750294211832,3.582700048946058,2.0376605854391325,8.306804494560689,8.099945799651143,2.4648967462313873,1.1178033027146708
119,1.855280876159668,20.256009021119695,11.214338182822647,9.041670838297048,16.225683038597143,4.030325982522552,2.064832723865412,7.809998599048121,8.415684439549022,2.798653743273625,1.231672239248926
120,1.9051027297973633,20.522567699081502,11.863833819762768,8.658733879318733,16.044615782982458,4.477951916099045,2.0920048622916925,7.313192703535552,8.731423079446905,3.132410740315863,1.3455411757831814
121,1.9296529293060303,20.126436379520996,12.207815132115027,7.9186212474059685,15.55803420277991,4.568402176741085,2.0516245035189598,6.816386808022985,8.741647394756924,3.4661677373581012,1.1022344393829837
122,1.9415950775146484,19.815987399816933,12.637478784323726,7.178508615493206,15.157134962433807,4.658852437383125,2.019978328217832,6.319580912510419,8.837554049923387,3.799924734400339,0.8589277029827862
123,1.9535272121429443,19.505538420112863,13.067142436532427,6.438395983580437,14.756235722087698,4.749302698025166,1.9883321529167035,5.8227750169978485,8.93346070508985,4.133681731442577,0.6156209665825887
124,1.9655427932739258,19.1950894404088,13.496806088741128,5.6982833516676745,14.355336481741595,4.839752958667206,1.9566859776155758,5.325969121485284,9.029367360256312,4.467438728484815,0.37231423018239107
125,1.9774775505065918,19.19202570963255,13.769232536533252,5.422793173099296,13.797200036978916,5.394825672653633,1.9563736707066819,4.8291632259727155,8.9680368110062,4.8011957255270525,0.5936299471265808
126,1.9894523620605469,18.81994876529237,13.672645770761452,5.147302994530918,13.239063592216244,5.580885173076126,1.9184453379502924,4.332357330460147,8.906706261756096,4.765939509005356,0.8149456640707704
127,2.001401901245117,18.447871820952187,13.576059004989649,4.87181281596254,12.680927147453568,5.766944673498621,1.8805170051939029,3.8355514349475794,8.845375712505989,4.73068329248366,1.0362613810149601
128,2.01332688331604,18.07579487661201,13.479472239217849,4.596322637394163,12.122790702690898,5.953004173921113,1.8425886724375138,3.338745539435013,8.784045163255884,4.695427075961963,1.2575770979591498
129,2.025300979614258,17.33469262446826,13.382885473446045,3.9518071510222152,11.564654257928224,5.770038366540035,1.7670430809855515,2.841939643922446,8.722714614005778,4.660170859440266,1.1098675070997692
130,2.0372440814971924,17.024969254414255,13.286298707674238,3.7386705467400163,11.437896695255295,5.58707255915896,1.735470872009608,2.7765126304996275,8.661384064755667,4.624914642918571,0.9621579162403887
131,2.049193859100342,16.711852632322596,13.186318689864784,3.525533942457815,11.311139132582372,5.400713499740226,1.70355276578212,2.711085617076807,8.600053515505566,4.586265174359218,0.8144483253810082
132,2.061123847961426,16.55191356003912,13.239516221863504,3.3123973381756175,11.337559119717628,5.214354440321492,1.687249088689003,2.64565860365399,8.691900516063638,4.547615705799864,0.6667387345216277
133,2.073049545288086,16.365479757851073,13.06531581671501,3.300163941136061,11.136581169705671,5.228898588145402,1.6682446236341562,2.5802315902311697,8.556349579474501,4.50896623724051,0.7199323509048916
134,2.0850296020507812,16.096790461060614,12.89111541156652,3.2056750494940944,10.935603219693716,5.161187241366899,1.6408552967442012,2.514804576808352,8.420798642885364,4.4703167686811565,0.6908704726857425
135,2.096977710723877,16.007575561010444,12.716915006418034,3.290660554592408,10.734625269681766,5.272950291328677,1.6317610153935214,2.4493775633855335,8.285247706296232,4.431667300121803,0.8412829912068743
136,2.113959550857544,15.91982550628842,12.830169651036112,3.0896558552523086,10.728512045051588,5.191313461236833,1.622816055686893,2.2913602255779257,8.437151819473662,4.3930178315624495,0.798295629674383
137,2.128418207168579,15.832075451566398,12.943424295654186,2.8886511559122114,10.722398820421411,5.109676631144987,1.6138710959802647,2.1333428877703198,8.58905593265109,4.354368363003096,0.7553082681418916
138,2.1403470039367676,15.65729804519366,12.884195827667618,2.7731022175260414,10.534052211147952,5.123245834045708,1.596054846604858,1.9753255499627145,8.558726661185236,4.325469166482382,0.7977766675633267
139,2.152292013168335,15.794405975804825,12.856671329003714,2.9377346468011125,10.600418612957034,5.193987362847792,1.6100311901941717,2.040317253914989,8.560101359042045,4.296569969961668,0.8974173928861235
140,2.1642370223999023,15.711886962953102,12.676984961314227,3.0349020016388732,10.514623145740536,5.197263817212565,1.6016194661522019,2.1053089578672632,8.409314187873273,4.267670773440955,0.92959304377161
141,2.1786863803863525,15.64947903158831,12.632792251136511,3.0166867804517983,10.564321336035807,5.085157695552502,1.5952578013851488,2.170300661819538,8.39402067421627,4.238771576920242,0.8463861186322605
142,2.195662021636963,15.725456987464838,12.653811770541186,3.0716452169236526,10.67923175591347,5.046225231551368,1.6030027510157836,2.2352923657718122,8.443939390141658,4.209872380399528,0.8363528511518401
143,2.2075858116149902,15.572085345447487,12.390002653341664,3.1820826921058227,10.646307990211195,4.925777355236293,1.587368536742863,2.3125162658463836,8.333791724364811,4.056210928976854,0.869566426259439
144,2.219550609588623,15.633314828490347,12.344340902294572,3.2889739261957756,10.831531590661347,4.8017832378289995,1.5936100742599741,2.389740165920955,8.441791424740392,3.9025494775541794,0.8992337602748204
145,2.231510639190674,15.907723605828252,12.583970504630939,3.3237531011973127,10.98062450505632,4.927099100771933,1.621582426689934,2.4308333799403434,8.549791125115975,4.034179379514963,0.8929197212569695
146,2.2434306144714355,16.068039192994508,12.823600106967305,3.244439086027203,11.07547785942146,4.992561333573048,1.6379244845050467,2.4176870339299033,8.657790825491556,4.165809281475748,0.8267520520972997
147,2.255359649658203,15.82394620709521,12.654154961482082,3.1697912456131294,10.93824503716766,4.88570116992755,1.6130424268190835,2.3375900913497394,8.60065494581792,4.05350001566416,0.8322011542633901
148,2.267334222793579,15.620221525879703,12.394667106375845,3.2255544195038595,10.813702540341318,4.806518985538386,1.5922753849010909,2.3602261838180465,8.453476356523272,3.9411907498525727,0.8653282356858131
149,2.279294967651367,15.635265042070017,12.396422288821901,3.238842753248116,10.775059117130583,4.860205924939434,1.593808872790012,2.3421173098434007,8.432941807287182,3.963480481534719,0.8967254434047153
150,2.291262626647949,15.710852907709238,12.4986150450409,3.2122378626683394,10.70406639748727,5.006786510221968,1.6015140578704625,2.2944944537658465,8.409571943721424,4.089043101319475,0.9177434089024927
151,2.303192377090454,15.848118061499076,12.625060026477732,3.223058035021344,10.862528323097274,4.985589738401801,1.6155064282873675,2.3620544835943327,8.500473839502941,4.12458618697479,0.8610035514270111
152,2.330277919769287,15.581635486522828,12.396382769066317,3.1852527174565104,10.673915131875152,4.907720354647676,1.5883420475558436,2.321135393363162,8.35277973851199,4.043603030554327,0.8641173240933485
153,2.342196226119995,15.695090996408695,12.50145596863301,3.193635027775682,10.637206053830461,5.057884942578233,1.599907339083455,2.2802163031319913,8.35698975069847,4.144466217934542,0.9134187246436908
154,2.3541295528411865,15.566770061880021,12.407936937463187,3.158833124416831,10.575102966372398,4.991667095507622,1.5868267137492376,2.235640613348248,8.33946235302415,4.068474584439039,0.9231925110685831
155,2.3661112785339355,15.550890788229577,12.399583369987372,3.151307418242205,10.761987602478968,4.788903185750609,1.5852080314199364,2.315041060775541,8.446946541703428,3.952636828283945,0.836266357466664
156,2.3780364990234375,15.870370545048488,12.577194412797233,3.2931761322512547,11.025820263124707,4.84455028192378,1.6177747752343004,2.4637427759134978,8.562077487211209,4.015116925586024,0.8294333563377569
157,2.389956474304199,15.859598697213986,12.614620383980924,3.244978313233064,10.897402759982366,4.962195937231621,1.6166767275447487,2.3810339765100674,8.516368783472299,4.0982516005086245,0.8639443367229965
158,2.404398202896118,15.7360729286018,12.555207272459317,3.180865656142482,10.78152937478341,4.9545435538183895,1.6040849060756166,2.298325177106637,8.483204197676773,4.072003074782544,0.8825404790358449
159,2.4137816429138184,15.634254229161584,12.412620184082519,3.2216340450790666,10.751178660504113,4.883075568657472,1.5937058337575518,2.3294062733035052,8.421772387200608,3.9908477968819107,0.8922277717755612
160,2.4257845878601074,15.697557222198451,12.43820915076596,3.2593480714324907,10.852407355043844,4.845149867154606,1.6001587382465292,2.3960956841909025,8.456311670852942,3.981897479913018,0.8632523872415881
161,2.437694787979126,15.829490006987335,12.569805620365997,3.2596843866213367,10.897151518279207,4.932338488708127,1.613607544035406,2.394615631991052,8.502535886288156,4.067269734077842,0.865068754630285
162,2.4496054649353027,15.712920339990982,12.481628674964092,3.23129166502689,10.76727385089535,4.9456464890956315,1.601724805299794,2.3381124627143923,8.429161388180958,4.052467286783134,0.8931792023124977
163,2.4615261554718018,15.63302684029634,12.376780609142596,3.2562462311537432,10.790827716174801,4.842199124121539,1.593580717665274,2.397923983967189,8.392903732207612,3.9838768769349846,0.8583222471865539
164,2.473475217819214,15.583826832895078,12.36616208963702,3.2176647432580565,10.718209229733198,4.865617603161879,1.5885654263909355,2.3573531413124535,8.360856088420745,4.005306001216276,0.8603116019456029
165,2.485482931137085,15.668601373072047,12.460331801734238,3.2082695713378104,10.737086691432081,4.931514681639967,1.597207071668914,2.335848853467562,8.40123783796452,4.059093963769718,0.8724207178702483
166,2.4974021911621094,15.755621928863729,12.557363338930575,3.1982585899331553,10.806465661396414,4.949156267467314,1.6060776685895748,2.326010859433259,8.480454801963155,4.0769085369674185,0.8722477304998962
167,2.51184344291687,15.738825347192748,12.50837431196089,3.230451035231857,10.847916614740063,4.890908732452685,1.6043654788167938,2.355089532065623,8.49282708267444,4.015547229286451,0.8753615031662336
168,2.5262985229492188,15.692730008410992,12.525532879216826,3.1671971291941663,10.849662146264809,4.843067862146183,1.5996666675240563,2.324443745339299,8.525218400925509,4.000314478291316,0.842753383854867
169,2.5382280349731445,15.748893851186342,12.55055444965734,3.198339401529003,10.811695264194917,4.937198586991425,1.605391829886477,2.3251402404921704,8.486555023702747,4.063999425954592,0.8731991610368327
170,2.5502145290374756,15.755871480533976,12.516768109812466,3.2391033707215096,10.80736680332172,4.948504677212256,1.606103107088071,2.3422914336316185,8.465075369690101,4.051692740122364,0.8968119370898913
171,2.5621604919433594,15.79987054886864,12.501256994984114,3.2986135538845254,10.912723473497397,4.887147075371243,1.6105882312812068,2.4354476603281134,8.477275813169284,4.023981181814831,0.8631658935564122
172,2.574087381362915,15.740024762828867,12.425262016936852,3.3147627458920152,10.872121523519716,4.867903239309151,1.6044877434076317,2.444850344891872,8.427271178627844,3.9979908383090077,0.8699124010001432
173,2.5860700607299805,15.640155665286827,12.46395069223783,3.1762049730489967,10.777000149203296,4.86315551608353,1.594307407266751,2.3263591070096945,8.450641042193602,4.013309650044228,0.8498458660393021
174,2.5980138778686523,15.655165667982617,12.478385228283443,3.176780439699174,10.721434188464773,4.933731479517844,1.5958374788973104,2.308511418717375,8.412922769747398,4.065462458536046,0.8682690209817985
175,2.6099939346313477,15.60010175143142,12.414247871995371,3.1858538794360505,10.668231474925829,4.931870276505593,1.5902244394935188,2.2939720824011935,8.374259392524635,4.039988479470735,0.891881797034857
176,2.621936082839966,15.647285369061944,12.431499179821033,3.21578618924091,10.776942746485012,4.870342622576931,1.59503418644872,2.374330210663684,8.402612535821328,4.028886643999705,0.8414559785772263
177,2.6338629722595215,15.685146258867471,12.454944160576188,3.230202098291282,10.815808656685771,4.8693376021817,1.5988936043697728,2.383210523862789,8.432598132822982,4.022346027753207,0.8469915744284928
178,2.6457815170288086,15.765427315548582,12.542431909437234,3.222995406111347,10.872113307157337,4.893314008391244,1.607077198322995,2.3657110831469055,8.506402224010431,4.0360296854268025,0.8572843229644415
179,2.6577043533325195,15.81438898087335,12.536176194729558,3.2782127861437926,10.887738198689567,4.926650782183784,1.612068193768945,2.3974886744966444,8.490249524192922,4.045926670536636,0.880724111647148
180,2.6696622371673584,15.733967330673892,12.484043852098768,3.2499234785751216,10.834708013429438,4.899259317244453,1.6038702681624761,2.3568307699478,8.477877243481638,4.006166608617131,0.8930927086273216
181,2.681636333465576,15.74623967391805,12.506928050015558,3.239311623902491,10.860675496196727,4.885564177721323,1.6051212715512793,2.3779868102162567,8.48268868598047,4.024239364035088,0.8613248136862343
182,2.6935813426971436,15.760262981659965,12.518103443600872,3.2421595380590924,10.862384475347042,4.897878506312923,1.6065507626564692,2.4126026193139456,8.449781856033097,4.068321587567776,0.8295569187451469
183,2.705510377883911,15.804357805019592,12.559350352803893,3.2450074522156993,10.894164970115062,4.910192834904529,1.6110456478103559,2.4472184284116345,8.446946541703428,4.112403811100465,0.7977890238040647
184,2.7174251079559326,15.842223528715548,12.594368162343244,3.2478553663723053,10.919716365219415,4.9225071634961335,1.6149055584827265,2.481834237509323,8.437882127710091,4.156486034633152,0.7660211288629823
185,2.729351043701172,15.880089252411494,12.629385971882595,3.2507032805289007,10.945267760323766,4.934821492087729,1.6187654691550961,2.5164500466070105,8.428817713716755,4.2005682581658395,0.73425323392189
186,2.741274833679199,16.047355069321473,12.664403781421946,3.3829512878995245,11.100219248642137,4.947135820679335,1.6358160111438809,2.680465948918717,8.41975329972342,4.244650481698527,0.7024853389808078
187,2.7532029151916504,16.867426920271846,12.699421590961297,4.168005329310549,11.255170736960508,5.612256183311337,1.719411510731075,2.844481851230426,8.410688885730082,4.288732705231215,1.3235234780801222
188,2.765122413635254,17.80020251582657,12.847143145105,4.9530593707215695,11.52282596988323,6.277376545943341,1.8144956692993444,3.0084977535421333,8.514328216341097,4.332814928763904,1.9445616171794364
189,2.777043342590332,18.73297811138129,12.994864699248703,5.738113412132586,11.790481202805953,6.942496908575336,1.9095798278676135,3.172513655853841,8.617967546952112,4.376897152296591,2.5655997562787456
190,2.7889926433563232,19.66575370693601,13.142586253392405,6.5231674535436035,12.058136435728676,7.607617271207333,2.0046639864358826,3.336529558165548,8.721606877563127,4.420979375829279,3.186637895378055
191,2.8009955883026123,20.3617875875904,13.05356609263578,7.308221494954619,12.21370224215181,8.148085345438592,2.075615452353761,3.5005454604772552,8.713156781674554,4.340409310961227,3.8076760344773644
192,2.8129162788391113,21.057821468244803,12.964545931879154,8.093275536365649,12.369268048574945,8.688553419669857,2.1465669182716414,3.6645613627889646,8.70470668578598,4.259839246093173,4.428714173576684
193,2.8248400688171387,21.75385534889919,12.875525771122525,8.878329577776665,12.524833854998075,9.229021493901115,2.21751838418952,3.828577265100672,8.696256589897404,4.179269181225121,5.049752312675993
194,2.8367576599121094,22.44988922955358,12.7865056103659,9.663383619187682,12.680399661421209,9.769489568132371,2.2884698501073983,3.9925931674123794,8.68780649400883,4.098699116357069,5.670790451775303
195,2.848667621612549,23.145923110207978,12.697485449609271,10.448437660598708,12.83596546784434,10.309957642363639,2.3594213160252777,4.1566090697240865,8.679356398120254,4.018129051489017,6.291828590874622
196,2.860659599304199,24.004287328097533,12.770795626087809,11.233491702009726,13.153861611502638,10.850425716594895,2.4469202169314506,4.320624972035794,8.833236639466845,3.937558986620964,6.912866729973931
197,2.872576951980591,23.938485136162214,11.919939392741474,12.018545743420741,12.547591345336063,11.390893790826151,2.4402125521062397,4.484640874347501,8.062950470988563,3.8569889217529116,7.533904869073241
198,2.884493350982666,23.264370188559113,11.069083159395138,12.195287029163973,11.941321079169487,11.323049109389624,2.371495432065149,4.648656776659208,7.292664302510278,3.776418856884859,7.546630252504765
199,2.8964035511016846,22.590255240956008,10.2182269260488,12.372028314907208,11.335050813002912,11.255204427953096,2.3027783120240577,4.812672678970918,6.522378134031994,3.6958487920168066,7.5593556359362895
200,2.916492462158203,21.446711266507265,9.367370692702465,12.079340573804803,10.259351519990698,11.187359746516568,2.1862090995420247,4.507259554436987,5.752091965553711,3.615278727148754,7.572081019367815
201,2.9303698539733887,20.30316729205852,8.516514459356124,11.786652832702398,9.18365222697848,11.11951506508004,2.0696398870599917,4.201846429903058,4.981805797075422,3.534708662280702,7.584806402799339
202,2.942634344100952,19.15962331760978,7.665658226009787,11.493965091599991,8.107952933966267,11.051670383643513,1.953070674577959,3.896433305369128,4.211519628597139,3.454138597412649,7.597531786230864
203,2.954678773880005,18.01607934316104,6.814801992663451,11.201277350497588,7.032253640954052,10.983825702206985,1.8365014620959264,3.591020180835198,3.4412334601188546,3.373568532544596,7.610257169662389
204,2.9671823978424072,17.121445323969567,5.963945759317115,11.157499564652452,6.2054643031991095,10.915981020770458,1.7453053337379782,3.5345170115585387,2.6709472916405708,3.292998467676544,7.622982553093913
205,3.004809617996216,16.416867419617763,5.113089525970773,11.30377789364699,5.568731080283833,10.84813633933393,1.6734829173922285,3.6680699571215514,1.900661123162281,3.212428402808492,7.6357079365254386
206,3.037095546722412,15.608963554290998,4.382563419411993,11.226400134879006,4.684393830522923,10.924569723768075,1.5911277833120283,3.5540188758389264,1.1303749546839972,3.2521884647279964,7.672381259040079
207,3.04915189743042,15.77613949055359,4.408469976162291,11.367669514391299,4.72663714161466,11.04950234893893,1.6081691631553097,3.5976368847874722,1.129000256827188,3.2794697193351023,7.7700326296038265
208,3.061183214187622,15.738815671761857,4.328102604581709,11.410713067180149,4.793434020639538,10.94538165112232,1.604364492534338,3.672510113721104,1.1209239069184331,3.207178697663276,7.738202953459044
209,3.073294162750244,15.612131650561844,4.234451028838504,11.37768062172334,4.621685923572626,10.990445726989218,1.5914507289053867,3.5942414709172263,1.0274444526553996,3.2070065761831046,7.783439150806113
210,3.0853359699249268,15.565539480373808,4.182081396220593,11.383458084153215,4.593984687584531,10.971554792789277,1.5867012722093585,3.591542552199851,1.0024421353846802,3.179639260835913,7.791915531953364
211,3.097395181655884,15.48382842679214,4.084671866242558,11.399156560549581,4.540793127356506,10.943035299435634,1.5783719089492496,3.5451385626398215,0.9956545647166842,3.0890173015258733,7.854017997909761
212,3.109464406967163,15.490628143159935,3.938784339447104,11.551843803712831,4.647322521350326,10.843305621809609,1.5790650502711452,3.6948850205070847,0.9524375008432414,2.9863468386038625,7.856958783205746
213,3.1215529441833496,15.65162900199145,4.0188538762016845,11.632775125789767,4.741532357530929,10.910096644460522,1.5954769624863863,3.7570472129008206,0.9844851446301086,3.034368731571576,7.875727912888946
214,3.1386871337890625,15.750563834983563,4.224074422988124,11.526489411995438,4.790102218763505,10.960461616220059,1.6055620626894558,3.7328440063385537,1.0572582124249517,3.1668162105631725,7.793645405656886
215,3.148218870162964,15.620802769163006,4.126683759361236,11.49411900980177,4.7000495905627275,10.920753178600279,1.5923346349809384,3.5881471383296053,1.111902452233122,3.0147813071281138,7.905971871472165
216,3.1602399349212646,15.77911891657713,3.9319473037490384,11.847171612828092,4.8980741755966255,10.881044740980505,1.6084728763075564,3.828873275540643,1.0692009000559826,2.862746403693056,8.01829833728745
217,3.172271728515625,15.936747715062847,3.7365234992084364,12.200224215854412,5.095411411702117,10.84133630336073,1.6245410514844898,4.069599412751678,1.0258119989504386,2.7107115002579976,8.130624803102734
218,3.184321403503418,16.022547278401703,3.6378870156488152,12.384660262752888,5.389535968788591,10.633011309613112,1.633287184342681,4.310325549962715,1.0792104188258755,2.5586765968229397,8.074334712790172
219,3.196385145187378,16.10834684174055,3.5392505320891936,12.569096309651353,5.683660525875063,10.424686315865484,1.6420333172008714,4.551051687173751,1.1326088387013122,2.4066416933878814,8.018044622477603
220,3.2084314823150635,16.285261930129185,3.5317295735793532,12.75353235654983,6.048796819127343,10.236465111001841,1.6600674750386528,4.791777824384788,1.2570189947425554,2.274710578836798,7.961754532165043
221,3.2205092906951904,16.27168780318174,3.656980212559695,12.614707590622046,5.946758617668649,10.324929185513094,1.6586837719859062,4.709243148769575,1.2375154688990733,2.419464743660622,7.905464441852472
222,3.232569694519043,16.49096487863592,3.896416692271261,12.594548186364662,6.077571618611573,10.41339326002435,1.6810361751922447,4.7453738348247585,1.3321977837868149,2.5642189084844462,7.849174351539903
223,3.2446305751800537,16.47547700909699,3.834799969151781,12.640677039945214,6.160646719224999,10.314830289871994,1.679457391345259,4.882148070469799,1.278498648755201,2.55630132039658,7.758528969475414
224,3.256700038909912,16.261773879187093,3.770152861827757,12.491621017359336,6.059791490432679,10.201982388754415,1.6576731783065333,4.771927712527964,1.2878637779047144,2.482289083923043,7.719693304831372
225,3.2687206268310547,16.199514393941264,3.903278648265271,12.296235745675995,5.931570065401319,10.267944328539947,1.6513266456616986,4.624546436117325,1.3070236292839943,2.5962550189812768,7.67168930955867
226,3.2807631492614746,16.039083409438845,3.9719654726648477,12.067117936774,5.738909678332023,10.300173731106824,1.634972824611503,4.4771651597066855,1.2617445186253373,2.7102209540395106,7.589952777067314
227,3.292780876159668,16.080896980137492,4.063162974469678,12.017734005667814,5.568759968667981,10.51213701146951,1.639235166170998,4.329783883296048,1.2389760853719332,2.8241868890977444,7.687950122371766
228,3.3048768043518066,16.0378536866017,4.142417788643476,11.895435897958226,5.386667571372906,10.651186115228795,1.6348474706016003,4.182402606885408,1.2042649644874979,2.9381528241559782,7.713033291072817
229,3.3194522857666016,15.907992298003832,4.205519848544018,11.702472449459814,5.175448763236684,10.732543534767148,1.6216098163102783,4.035021330474769,1.1404274327619153,3.0650924157821025,7.667451118985045
230,3.3340532779693604,15.75278245913119,4.197950767137541,11.554831691993648,5.02548992834453,10.72729253078666,1.6057882221336583,3.8876400540641316,1.1378498742803977,3.0601008928571427,7.667191637929516
231,3.3460872173309326,15.548855767955615,4.131755485661267,11.41710028229435,4.9108821113018095,10.637973656653806,1.585000587966933,3.816249300894855,1.094632810406955,3.037122675254312,7.600850981399494
232,3.3581278324127197,15.62503857913104,4.224313067790517,11.400725511340525,4.893378788520407,10.731659790610633,1.5927664198910336,3.7722830443698734,1.1210957441505343,3.1032173236399823,7.628442466970651
233,3.37021541595459,15.635542297907119,4.317938483437419,11.3176038144697,4.792404313286667,10.843137984620451,1.5938371353626013,3.6660675335570474,1.1263367797296198,3.191601703707799,7.651536280912653
234,3.3822712898254395,15.659729844967403,4.375100011862422,11.284629833104981,4.7789609944507365,10.880768850516667,1.5963027364900513,3.6630203672632367,1.1159406271874994,3.2591593846749225,7.621609465841744
235,3.39431095123291,15.651124815153679,4.3772887004366305,11.27383611471705,4.771515693375865,10.879609121777815,1.595425567293953,3.6260190622669652,1.1454966311088997,3.231792069327731,7.647817052450083
236,3.406342029571533,15.682819945698926,4.38521012587344,11.297609819825485,4.780600998870762,10.902218946828164,1.5986564674514705,3.637424170395228,1.143176828475534,3.2420332973979065,7.660185649430257
237,3.418356418609619,15.7611580476233,4.44753395316218,11.313624094461122,4.838280626668802,10.9228774209545,1.6066420028158308,3.6526600018642807,1.1856206248045216,3.2619133283576587,7.660964092596841
238,3.4304776191711426,15.669287393788268,4.387224845355024,11.282062548433245,4.8145822967769565,10.854705097011312,1.5972770024249,3.640732522371365,1.1738497744055918,3.213375070949432,7.641330026061881
239,3.4425320625305176,15.599756155082567,4.306460284974153,11.293295870108414,4.851086834757201,10.748669320325366,1.5901892105079067,3.7053324478001497,1.1457543869570515,3.1607058980171017,7.587963422308265
240,3.4545938968658447,15.575460861971845,4.301293229592185,11.274167632379662,4.798125764465606,10.777335097506239,1.5877126260929504,3.650309330723341,1.1478164337422654,3.153476795849919,7.623858301656321
241,3.466618061065674,15.619248982892568,4.310660841275371,11.308588141617196,4.753354162556845,10.865894820335722,1.5921762469819132,3.649699897464579,1.103654265092266,3.2070065761831046,7.6588882441526165
242,3.478666305541992,15.663863397318705,4.367277864700946,11.29658553261776,4.749783654382002,10.914079742936703,1.5967240975860044,3.6395136558538406,1.110269998528161,3.257007866172785,7.657071876763919
243,3.4907572269439697,15.634262704904142,4.308076318716142,11.326186386188,4.7346141330403295,10.899648571863812,1.5937066977476189,3.6293274142431025,1.105286718797227,3.202789599918915,7.696858971944898
244,3.55083966255188,15.713298876935795,4.415808380986207,11.297490495949589,4.786117457753909,10.927181419181887,1.6017633921443215,3.6191411726323643,1.1669762851215453,3.2488320958646617,7.678349323317225
245,3.5628714561462402,15.694033403086722,4.394605385318358,11.299428017768365,4.7587791591953295,10.935254243891393,1.5997995314053743,3.6244519481730055,1.134327211022324,3.260278174296034,7.67497606959536
246,3.5749285221099854,15.659661162645035,4.355864266248492,11.303796896396543,4.787137500597277,10.872523662047758,1.5962957352339484,3.6444761838180466,1.1426613167792303,3.2132029494692613,7.659320712578497
247,3.586989402770996,15.584092262004619,4.27977242603449,11.30431983597013,4.744272114134445,10.839820147870174,1.5885924833847724,3.6450856170768087,1.099186497057636,3.180585928976854,7.659234218893321
248,3.624335289001465,15.632721791126873,4.301106251513425,11.331615539613448,4.797305556467069,10.835416234659805,1.5935496219293448,3.692534349366145,1.1047712071009237,3.1963350444125016,7.639081190247303
249,3.659118175506592,15.6859490000408,4.3472904543958695,11.33865854564493,4.812528891482604,10.873420108558197,1.5989754332355555,3.6893711005468552,1.1231577909357482,3.224132663460121,7.649287445098076
250,3.6782524585723877,15.756154565934503,4.415902116424179,11.340252449510324,4.84854453158238,10.907610034352123,1.6061319639076965,3.6862078517275663,1.1623366798548138,3.2535654365693647,7.654044597782758
251,3.7408041954040527,15.607492452323903,4.303184358314586,11.304308094009318,4.7801690531807,10.827323399143204,1.5909778238862287,3.6830446029082777,1.0971244502724218,3.2060599080421643,7.62126349110104
252,3.7529096603393555,15.639123033110963,4.339720520245183,11.299402512865779,4.794650600600945,10.844472432510017,1.5942021440480083,3.6735548564504104,1.1210957441505343,3.2186247760946483,7.625847656415369
253,3.764918327331543,15.582796945041258,4.314176966827838,11.26861997821342,4.77284362354027,10.809953321500988,1.588460442919598,3.6617144388516034,1.1111291846886668,3.2030477821391714,7.606905539361817
254,3.777008295059204,15.676355467162391,4.352408192737719,11.323947274424674,4.834737663875344,10.841617803287049,1.5979974992010593,3.6838281599552576,1.1509095039200863,3.201498688817632,7.6401191144694165
255,3.7890796661376953,15.679980277462715,4.383553084710437,11.296427192752276,4.811418968352544,10.86856130911017,1.5983670007607251,3.6550106730052203,1.1564082953473236,3.2271447893631136,7.6414165197470565
256,3.80112361907959,15.700050811046243,4.36427277857462,11.335778032471623,4.852229274406498,10.847821536639744,1.6004129267121552,3.6941885253542135,1.1580407490522846,3.206232029522335,7.641589507117409
257,3.8131537437438965,15.696585487790239,4.394107146329236,11.302478341461002,4.8298846111350695,10.86670087665517,1.6000596827512985,3.654488301640567,1.1753963094945024,3.2187108368347337,7.647990039820436
258,3.8252158164978027,15.643861562046252,4.369532432402281,11.274329129643972,4.813827946674456,10.830033615371796,1.594685174520515,3.6618015007457125,1.152026445928744,3.2175059864735367,7.61252762889826
259,3.834770679473877,15.677130093810016,4.360754805409698,11.316375288400318,4.815051386304214,10.862078707505802,1.598076462162081,3.6633686148396722,1.1516827714645417,3.209072033945157,7.653006673560646
260,3.8468456268310547,15.609997480589001,4.339448694117573,11.270548786471426,4.755275931664247,10.854721548924754,1.5912331784494393,3.6259320003728566,1.1293439312913902,3.210104762826183,7.64461678609857
261,3.8593831062316895,15.60811042106894,4.310169209508226,11.297941211560712,4.798334754001368,10.809775667067571,1.5910408176420936,3.6749478467561523,1.1233869072452156,3.1867823022630106,7.62299336480456
262,3.86911678314209,15.617403447148607,4.315830385373594,11.301573061775011,4.765736790357878,10.851666656790728,1.591988118975393,3.648306907158837,1.117429883199041,3.198400502174554,7.653266154616174
263,3.8811659812927246,15.670575934441967,4.30591456728349,11.364661367158476,4.791557357661445,10.87901857678052,1.597408352134757,3.680084498508576,1.111472859152869,3.1944417081306207,7.6845768686499
264,3.8932864665985107,15.624099306876797,4.253055147419597,11.371044159457199,4.7610227483764405,10.863076558500357,1.5926706734838731,3.69061898769575,1.0704037606806909,3.182651386738906,7.68042517176145
265,3.9053492546081543,15.67693133927503,4.33018881245286,11.346742526822167,4.772967270332245,10.903964068942784,1.5980562017609612,3.6645874813571964,1.1083797889750482,3.221809023477812,7.682155045464971
266,3.9173941612243652,15.641512284071784,4.324126471405515,11.31738581266627,4.803829029903599,10.837683254168185,1.5944456966434029,3.672423051826995,1.1314059780766041,3.1927204933289106,7.644962760839275
267,3.929448366165161,15.646670972446017,4.3636208185309115,11.283050153915106,4.742476862713863,10.904194109732154,1.5949715568242626,3.6065171979865775,1.135959664727285,3.2276611538036266,7.676532955928528
268,3.9414825439453125,15.708762483714583,4.3851556923680635,11.32360679134652,4.8209951517114975,10.887767332003087,1.6013009667395088,3.644911493288591,1.1760836584229069,3.209072033945157,7.67869529805793
269,3.953575372695923,15.654269119121857,4.331419747211404,11.32284937191045,4.7927702283190134,10.861498890802842,1.595746087576132,3.6481327833706194,1.1446374449483938,3.1867823022630106,7.674716588539832
270,3.9656050205230713,15.68106864758823,4.353348038924983,11.327720608663247,4.833899229481567,10.847169418106663,1.5984779457276481,3.678865631991052,1.1550335974905144,3.1983144414344684,7.648854976672196
271,3.9776175022125244,15.598182226931023,4.2960850246651665,11.302097202265855,4.824839355573617,10.773342871357405,1.5900287693099922,3.702111157718121,1.1227281978554953,3.173356826809671,7.599986044547734
272,3.9896578788757324,15.61537808523624,4.315907135443748,11.29947094979249,4.763251779811858,10.852126305424381,1.591781660064856,3.6575354679343777,1.10571631187748,3.2101908235662684,7.641935481858113
273,4.001707077026367,15.713952037822331,4.378409053422127,11.335542984400206,4.842483713133238,10.871468324689094,1.6018299732744474,3.6979321868008954,1.1445515263323431,3.2338575270897834,7.637610797599311
274,4.013807058334351,15.60426129149195,4.340583828002702,11.263677463489248,4.766028959722233,10.838232331769717,1.5906484496933688,3.6465656692766597,1.1194632904455732,3.221120537557128,7.617111794212589
275,4.025892972946167,15.648338445376234,4.351172710010057,11.297165735366178,4.779550991982507,10.868787453393727,1.595141533677496,3.662149748322148,1.1174012436603593,3.233771466349698,7.63501598704403
276,4.0379602909088135,16.306464840108656,4.775223186212631,11.531241653896027,4.787823533485945,11.518641306622712,1.6622288318153573,3.6509187639821032,1.1369047695038415,3.638318416708789,7.8803228899139235
277,4.049982070922852,16.941391094712984,5.182777288133492,11.758613806579493,4.772895934861287,12.168495159851698,1.7269511819279288,3.6329840137956753,1.139911921065612,4.04286536706788,8.125629792783817
278,4.062061548233032,17.697859422142844,5.642398071381006,12.05546135076184,4.8795104090621635,12.818349013080681,1.8040631419105855,3.6845246551081288,1.194985753954035,4.447412317426971,8.370936695653711
279,4.0741286277771,18.18410977556009,5.997305541316873,12.186804234243215,4.715906909250424,13.468202866309664,1.853629946540274,3.5705606357196125,1.145346273530811,4.851959267786062,8.616243598523603
280,4.086169958114624,18.72602750407055,6.352213011252741,12.373814492817807,4.607970784531899,14.11805671953865,1.9088713052059685,3.5122639914243114,1.0957067931075872,5.256506218145153,8.861550501393497
281,4.098198175430298,19.267945232581006,6.707120481188608,12.560824751392401,4.500034659813373,14.767910572767635,1.9641126638716622,3.45396734712901,1.0460673126843634,5.661053168504244,9.10685740426339
282,4.110233783721924,19.80986296109147,7.062027951124474,12.747835009966991,4.392098535094847,15.41776442599662,2.0193540225373567,3.3956707028337076,0.9964278322611395,6.065600118863334,9.352164307133284
283,4.122284173965454,20.327873834685846,7.393028566144266,12.934845268541583,4.260255555460246,16.067618279225602,2.072158392934337,3.337374058538405,0.9228814969218412,6.470147069222425,9.597471210003178
284,4.134364366531372,20.593248405740425,7.724029181164059,12.869219224576366,4.128412575825645,16.46483582991478,2.0992098272926016,3.2790774142431025,0.8493351615825427,6.874694019581516,9.590141810333263
285,4.148935317993164,21.149289018171185,8.208695240990318,12.940593777180867,4.287235637567235,16.86205338060395,2.155890827540386,3.3577813665175245,0.9294542710497107,7.2792409699406075,9.582812410663342
286,4.1660614013671875,21.674974050189316,8.693361300816576,12.98161274937274,4.415703118896197,17.25927093129312,2.2094774770835186,3.4061297383793177,1.0095733805168785,7.6837879202996975,9.575483010993423
287,4.178127288818359,22.179995655047293,9.15736393348267,13.022631721564622,4.523507173064995,17.656488481982297,2.2609577630017625,3.454478110241113,1.0690290628238814,8.08833487065879,9.568153611323508
288,4.1901984214782715,22.579079606314895,9.515428912558399,13.063650693756497,4.525373573643425,18.05370603267147,2.301639103599887,3.5028264821029085,1.0225470915405166,8.492881821017882,9.560824211653587
289,4.202230215072632,23.087197140397564,9.888529649442974,13.19866749095459,4.636273557036922,18.45092358336064,2.3534349786337985,3.645172678970918,0.9911008780660034,8.89742877137697,9.553494811983672
290,4.221811771392822,23.66906594876133,10.352489322801043,13.316576625960286,4.820924814711514,18.848141134049815,2.412748822503703,3.7704112136465326,1.050513601064981,9.301975721736062,9.546165412313753
291,4.231303453445435,24.250934757125094,10.81644899615911,13.434485760965986,5.0055760723861065,19.24535868473899,2.472062666373608,3.895649748322148,1.1099263240639585,9.706522672095153,9.538836012643838
292,4.243317127227783,24.56474528564118,11.15569779831976,13.40904748732142,4.922169050213018,19.642576235428162,2.5040515072009355,3.877540874347502,1.044628175865516,10.111069622454245,9.531506612973917
293,4.255334377288818,24.979330088695672,11.58653584519033,13.392794243505344,4.939536302578337,20.039793786117336,2.5463129550148493,3.8686170302013427,1.0709192723769942,10.515616572813336,9.524177213304002
294,4.267366170883179,25.365561748453477,11.989020748764208,13.376540999689272,4.928550411646963,20.437011336806513,2.5856841741542786,3.859693186055183,1.0688572255917803,10.920163523172427,9.516847813634088
295,4.279396295547485,25.634102810493257,12.344422250742364,13.289680559750895,4.799873922997573,20.834228887495684,2.613058390468222,3.7801621457867265,1.0197117772108473,11.324710473531516,9.509518413964168
296,4.291444778442383,25.940276226363196,12.73745610655068,13.202820119812518,4.708829788178339,21.231446438184857,2.64426872847739,3.70063110551827,1.0081986826600693,11.72925742389061,9.502189014294247
297,4.303488254547119,25.848708802127803,12.677682474229794,13.171026327898009,4.609014769657385,21.239694032470418,2.634934638341264,3.676166713273677,0.9328480563837087,11.744834417846086,9.494859614624332
298,4.31559681892395,25.946477373069783,12.700855202485235,13.245622170584546,4.729431552004497,21.217045821065284,2.6449008535239327,3.7580919556301273,0.9713395963743695,11.729515606110866,9.487530214954418
299,4.327615261077881,25.803832312269854,12.8647495059339,12.939082806335952,4.539338229810063,21.26449408245979,2.630360072606509,3.4588819910514546,1.080456238758609,11.784293267175292,9.480200815284498
300,4.3441550731658936,25.409553104711787,12.777009662624423,12.632543442087364,4.097610760857488,21.311942343854298,2.5901685122030362,3.159672026472782,0.9379387343847057,11.839070928239718,9.472871415614582
301,4.3689353466033936,25.015273897153712,12.689269819314946,12.326004077838768,3.6558832919049116,21.3593906052488,2.5499769517995627,2.860462061894109,0.7954212300108024,11.893848589304143,9.465542015944658
302,4.413856267929077,24.318684824860284,12.299220111270099,12.019464713590185,3.214155822952336,21.10452900190795,2.4789688914230665,2.5612520973154367,0.6529037256368991,11.6463163856332,9.458212616274748
303,4.425896406173706,23.622095752566846,11.909170403225255,11.712925349341592,2.77242835399976,20.849667398567085,2.4079608310465694,2.262042132736764,0.5103862212629959,11.39878418196226,9.450883216604828
304,4.437922477722168,22.943871784454224,11.537485799361221,11.406385985093003,2.349065989227996,20.59480579522623,2.3388248506069544,1.9628321681580911,0.3862338210699046,11.151251978291317,9.443553816934912
305,4.450059175491333,22.329657185299286,11.229810564454873,11.099846620844412,1.9897129934139157,20.33994419188537,2.2762137803567057,1.6636222035794186,0.3260907898344971,10.903719774620376,9.436224417264993
306,4.462148904800415,21.151307165246106,10.879777451835585,10.271529713410521,1.5880021198868983,19.563305045359208,2.1560965509934866,1.3644122390007458,0.22358988088615248,10.656187570949433,8.907117474409775
307,4.4741833209991455,20.165464415143667,10.69066990707904,9.474794508064628,1.3787985163106158,18.78666589883305,2.055602896548794,1.0967839765100673,0.28201453980054836,10.408655367278492,8.37801053155456
308,4.4862446784973145,18.977884754554463,10.299825451835723,8.678059302718742,0.9678580022475646,18.0100267523069,1.9345448271717087,0.8291557140193898,0.13870228822817474,10.161123163607549,7.848903588699352
309,4.498317718505859,17.790305093965255,9.908980996592412,7.881324097372844,0.5569174881845136,17.23338760578074,1.8134867577946232,0.56152745152871,-0.004609963344196389,9.913590959936608,7.319796645844134
310,4.581984996795654,16.602725433376044,9.518136541349097,7.084588892026947,0.14597697412146635,16.456748459254577,1.6924286884175375,0.29389918903803136,-0.14792221491656501,9.666058756265663,6.7906897029889155
311,4.5991175174713135,15.614476962024197,9.326623275343136,6.28785368668106,-0.0656323507042327,15.68010931272843,1.5916898024489496,0.026270926547352726,-0.09190327725158542,9.418526552594722,6.261582760133707
312,4.611134767532349,15.639539763757655,9.350653834943813,6.288885928813844,-0.07835973866030178,15.717899502417957,1.5942446242362542,0.025400307606263984,-0.10376004626656576,9.454413881210378,6.26348562120758
313,4.623196601867676,15.722833400113249,9.382225761764154,6.340607638349094,-0.03135871913847234,15.754192119251721,1.6027353109187816,0.06492640753169278,-0.09628512667016512,9.47851088843432,6.275681230817401
314,4.635199308395386,15.657066284916525,9.41109448318223,6.245971801734296,-0.13587255456981784,15.792938839486343,1.596031221704029,-0.016389401565995526,-0.11948315300382231,9.530577636186052,6.262361203300292
315,4.6472249031066895,15.85706152388395,9.57956239458513,6.277499129298818,-0.1443744427316284,16.001435966615578,1.6164180962165084,0.003547772184936615,-0.14792221491656501,9.727484609501696,6.273951357113881
316,4.6592371463775635,16.015296330789912,9.805939453206122,6.20935687758379,-0.16035066615111093,16.175646996941023,1.6325480459520807,-0.04189853653989561,-0.11845212961121532,9.924391582817337,6.251255414123686
317,4.676321506500244,16.07046044437032,9.95627853662235,6.114181907747969,-0.27939758289616407,16.34985802726648,1.638171299120318,-0.11437756338553319,-0.1650200195106309,10.121298556132981,6.228559471133502
318,4.685901880264282,16.146416863034954,10.127409925122818,6.019006937912136,-0.37765219455697635,16.52406905759193,1.645914053316509,-0.1868565902311708,-0.19079560432580556,10.318205529448623,6.205863528143307
319,4.697935104370117,15.823490510395878,9.91180367654776,5.911686833848116,-0.49973687222885566,16.323227382624733,1.6129959745561546,-0.27148075130499627,-0.22825612092385938,10.14005979747162,6.183167585153113
320,4.70998477935791,15.755277494035557,9.783490741880097,5.97178675215546,-0.3671082136219789,16.122385707657536,1.6060425580056632,-0.18868489000745714,-0.1784233236145217,9.96191406549462,6.160471642162918
321,4.721987724304199,15.803743619038832,9.60878175454512,6.194961864493711,-0.2808756076824164,16.084619226721248,1.6109830396573732,-0.10588902870991798,-0.17498657897249842,9.783768333517619,6.300850893203629
322,4.734010457992554,15.718592521917603,9.487943739473854,6.230648782443749,-0.13615774909136857,15.854750271008973,1.6023030093697863,-0.018478887024608502,-0.11767886206676008,9.605622601540615,6.249127669468358
323,4.746083498001099,15.753015980169573,9.410309703590947,6.3427062765786255,-0.11114223076898576,15.864158210938559,1.6058120265208535,0.002154781879194631,-0.11329701264818039,9.523606716239128,6.340551494699431
324,4.7580952644348145,15.696700167150759,9.37129654057048,6.32540362658028,-0.0940435217122329,15.790743688862992,1.6000713727982425,0.05456604213273677,-0.14860956384496968,9.51990610441545,6.270837584447543
325,4.770109176635742,15.53129727678249,9.260716022134455,6.270581254648036,-0.16041115318021432,15.691708429962706,1.5832107315782356,-0.0072479026845637595,-0.15316325049565055,9.413879272630105,6.2778291573326
326,4.782150506973267,15.837523211427843,9.513981703805255,6.323541507622588,-0.0036933770015283585,15.841216588429372,1.6144264231832663,0.038720777404921705,-0.042414154406450064,9.556395858211705,6.284820730217667
327,4.79671573638916,16.125292024522114,9.767247385476056,6.358044639046059,0.1345672776260763,15.990724746896039,1.6437606548952206,0.06623233594332588,0.06833494168275041,9.698912443793306,6.291812303102733
328,4.811324596405029,16.08053694083037,9.649768998847055,6.430767941983315,0.15158315237759604,15.928953788452773,1.6391984649164495,0.13196406599552574,0.019619086382070296,9.630149912464985,6.298803875987789
329,4.823370456695557,15.921732547128514,9.57704219706252,6.344690350065996,0.009798132274529633,15.911934414853985,1.623010453326046,0.03889490119313945,-0.02909676891860982,9.60613896598113,6.305795448872856
330,4.835392475128174,15.82952607274464,9.489684567392386,6.339841505352255,-0.10248114748740784,15.932007220232048,1.613611220463266,0.02705448359433259,-0.12953563108174043,9.619220198474126,6.312787021757923
331,4.847415447235107,15.596086176032767,9.35521213598869,6.240874040044075,-0.19609509698426972,15.792181273017036,1.589815104590496,-0.042072660328113354,-0.15402243665615636,9.509234572644846,6.282946700372189
332,4.85947322845459,15.657547778330894,9.373755065535809,6.283792712795086,-0.1256853424427,15.783233120773595,1.596080303601518,0.0004135439970171514,-0.12609888643971714,9.499853951975526,6.283379168798069
333,4.871530771255493,15.651413176248942,9.495455983235695,6.155957193013247,-0.13177905003729898,15.783192226286241,1.5954549619010134,0.013995199478001492,-0.14577424951530046,9.641230232750996,6.141961993535245
334,4.883575916290283,15.592969238422311,9.616039958926923,5.97692927949539,-0.19018209337657344,15.783151331798885,1.5894973739472285,-0.02361553877703207,-0.16656655459954137,9.782606513526463,6.000544818272422
335,4.895637035369873,15.534269206310624,9.75586970461348,5.7783995016971454,-0.24884123100090524,15.78311043731153,1.5835136805617354,-0.0807281413124534,-0.16811308968845184,9.923982794301931,5.859127643009598
336,4.907652378082275,15.653008840281354,9.867260388387294,5.785748451894061,-0.42065065350591413,16.073659493787268,1.5956176187850513,-0.22255196681580913,-0.19809868669010502,10.0653590750774,6.00830041870987
337,4.9197070598602295,15.744182888454414,9.743616992701984,6.000565895752429,-0.3316361217820648,16.07581901023648,1.604911609424507,-0.15690729865771813,-0.17472882312434668,9.918345815826331,6.157473194410147
338,4.931811332702637,15.895805848097465,9.637500994690994,6.258304853406472,-0.1821726785882218,16.077978526685687,1.6203675686134011,-0.04834111670395228,-0.13383156188426953,9.771332556575263,6.306645970110424
339,4.943842887878418,15.7324376090047,9.486191804637393,6.246245804367308,-0.12578646919686579,15.858224078201566,1.6037143332318755,0.012341023489932887,-0.13812749268679866,9.624319297324192,6.233904780877375
340,4.955862522125244,15.600509459129784,9.342119309883994,6.258390149245789,-0.08765363904684376,15.688163098176627,1.590265999911293,0.017738860924683075,-0.10539249997152683,9.447511809855522,6.240651288321106
341,4.967868804931641,14.997156770076682,9.141770121617464,5.85538664845922,-0.15281092522874504,15.149967695305428,1.5287621580098554,-0.02387672445935869,-0.12893420076938636,9.27070432238685,5.879263372918579
342,4.979953050613403,14.515185403874252,8.979396961645289,5.535788442228963,-0.09658688855998773,14.61177229243424,1.4796315396405966,0.01791298471290082,-0.11449987327288855,9.093896834918178,5.5178754575160625
343,4.99197244644165,13.963273438711186,8.812727870870587,5.1505455678406,-0.11030345085185049,14.073576889563036,1.4233714004802431,-0.0059419742729306495,-0.10436147657891984,8.917089347449506,5.15648754211353
344,5.003984689712524,13.415485501064857,8.60438825131135,4.811097249753508,-0.11989598562697792,13.535381486691836,1.367531651484695,0.015997623042505595,-0.13589360866948352,8.740281859980835,4.795099626711003
345,5.015978097915649,12.172855531730479,7.854609657483896,4.318245874246582,-0.20298726489489985,12.375842796625378,1.2408619298400079,-0.11546583706189412,-0.08752142783300573,7.942131085316902,4.433711711308476
346,5.02801513671875,10.726983114272217,7.021490006087377,3.705493108184841,-0.36941960173188654,11.096402716004103,1.0934743235751494,-0.24692929716629383,-0.12249030456559269,7.143980310652969,3.9524224053511348
347,5.040113210678101,9.3704682119553,6.185964633441442,3.184503578513858,-0.4464944234275363,9.816962635382836,0.9551955363868807,-0.28662952087994037,-0.15986490254759594,6.345829535989037,3.4711330993937985
348,5.052136421203613,8.167734126448194,5.426734991848422,2.740999134599773,-0.3697884283133713,8.537522554761566,0.8325926734401827,-0.24884465883668908,-0.12094376947668221,5.547678761325104,2.9898437934364623
349,5.064145088195801,7.002271093505433,4.601433934512506,2.400837158992927,-0.2558113806348705,7.258082474140304,0.7137891022941317,-0.10771732848620434,-0.1480940521486662,4.749527986661172,2.5085544874791315
350,5.0782647132873535,5.655120934160372,3.847273491266471,1.8078474428939006,-0.3235214593586577,5.97864239351903,0.5764649270295996,-0.21941773862788966,-0.1041037207307681,3.9513772119972392,2.0272651815217904
351,5.092855930328369,4.303537864061764,3.020597736073745,1.2829401279880184,-0.3956644488359969,4.699202312897761,0.43868887503178017,-0.2630357475764355,-0.1326287012595614,3.1532264373333065,1.545975875564454
352,5.104907512664795,3.1032007651566555,2.3233154166531964,0.7798853485034588,-0.3165614671198319,3.4197622322764873,0.3163303532269781,-0.284801221103654,-0.03176024601617787,2.3550756626693743,1.0646865696071128
353,5.116934299468994,2.086481946801078,1.6322192375882891,0.45426270921278916,-0.053840204854139775,2.140322151655218,0.2126892912131578,-0.12913455443698735,0.07529434958284757,1.5569248880054416,0.5833972636497765
354,5.129018783569336,0.8854370673248046,0.8114718669030528,0.07396520042175188,0.024554996290850936,0.8608820710339538,0.09025862052240617,-0.028142757270693514,0.05269775356154445,0.7587741133415083,0.10210795769244539
355,5.141164779663086,0.023812197063990195,0.013063336390969148,0.010748860673021046,0.052418232239865484,-0.02860603517587529,0.0024273391502538425,-2.1765473527218497e-05,0.0524399977133927,-0.03937666132242355,0.010770626146548265
356,5.153193473815918,-0.051030992690326765,-0.031010071162281015,-0.020020921528045747,-0.029768261852604158,-0.021262730837722604,-0.005201936054059813,-0.03641363721103654,0.006645375358432381,-0.0376554465207134,0.016392715682990795
357,5.16521692276001,-0.09822081515083791,-0.04140011237089966,-0.056820702779938254,-0.08974053308027624,-0.00848028207056167,-0.01001231550976941,-0.08229525540641314,-0.007445277673863102,-0.03395483469703656,0.025474552626474887
358,5.177239894866943,-0.008833852504615016,0.006422655550006847,-0.015256508054621863,-0.013169165307324817,0.0043353128027098006,-0.0009004946487884827,-0.022048424683072335,0.008879259375747519,-0.0024566038257406724,0.0067919166284504725
359,5.189263582229614,-0.007153126026305356,-0.004520844472240444,-0.002632281554064912,-0.01867790071372931,0.011524774687423953,-0.0007291667712849497,-0.0358912658463833,0.017213365132653993,-0.021734209604894437,0.03325898429231839
360,5.201319932937622,0.02781785853449412,0.02245944858009641,0.005358409954397714,0.0387870702790172,-0.010969211744523078,0.0028356634591737125,-0.0042877982848620435,0.043074868563879244,-0.020615419983782836,0.009646208239259758
361,5.213345527648926,0.030750821145764863,0.040021524518937035,-0.009270703373172175,0.0070552100516098615,0.023695611094155,0.0031346402798944815,-0.03258291387024609,0.03963812392185595,0.0003834005970810879,0.023312210497073913
362,5.225400447845459,-0.014349394990096126,0.012505538157337253,-0.02685493314743338,-0.02435961663029325,0.010010221640197122,-0.0014627313955245796,-0.049821168903803136,0.025461552273509887,-0.012956014116172634,0.022966235756369757
363,5.237447738647461,-0.03990336557163772,0.01251449197153757,-0.052417857543175295,-0.023765218747967623,-0.016138146823670096,-0.004067621363061949,-0.04381389821029083,0.020048679462323207,-0.007534187490785637,-0.008603959332884461
364,5.249569654464722,-0.07097884159309598,-0.03390458478943478,-0.03707425680366118,-0.06425214987310411,-0.006726691719991858,-0.007235355921824258,-0.051823592468307235,-0.012428557404796871,-0.021476027384637913,0.014749335664646056
365,5.261622190475464,0.0027108788245150083,-0.002447712012302268,0.005158590836817276,0.01742746046249228,-0.014716581637977271,0.000276338310348115,0.004853700596569725,0.012573759865922554,-0.015021471878224823,0.0003048902402475511
366,5.2736852169036865,-0.012242354113546003,0.012108491481082319,-0.024350845594628325,-0.018607190235793915,0.006364836122247911,-0.001247946392818145,-0.023963786353467565,0.0053565961176736485,0.006751895363408671,-0.00038705924116076045
367,5.2857255935668945,-0.022786247611142625,-0.01594986801942191,-0.006836379591720714,-0.02376442099326673,0.0009781733821241055,-0.0023227571469054665,-0.03066755219985086,0.006903131206584128,-0.02285299922600604,0.023831172608130145
368,5.297769069671631,-0.036038315586639426,0.004436720822433585,-0.04047503640907301,-0.016704231862361196,-0.01933408372427823,-0.003673630538903101,-0.029535747576435498,0.012831515714074301,-0.008394794891640717,-0.010939288832637513
369,5.317415714263916,0.03911729581383438,0.029525240957273442,0.009592054856560943,0.0327636209310101,0.006353674882824277,0.003987491928015736,-0.0049842934377330355,0.03774791436874314,-0.0082226734114697,0.014576348294293977
370,5.326937913894653,0.03865313040704507,0.057751031844796144,-0.01909790143775107,-0.0017300383069783626,0.040383168714023435,0.003940176392155461,-0.04076673191648024,0.03903669360950188,0.018714338235294267,0.02166883047872917
371,5.338960647583008,0.03239304463155056,0.03528903655844366,-0.0028959919268930984,0.02908872892950473,0.00330431570204583,0.0033020432855810963,-0.010033883296047727,0.03912261222555246,-0.0038335756671087984,0.007137891369154628
372,5.35102391242981,0.014840131325361463,0.03941384074904623,-0.024573709423684774,-0.0020415282238698262,0.01688165954923129,0.0015127554867850623,-0.04485864093959732,0.042817112715727496,-0.0034032719666812587,0.020284931515912548
373,5.363048553466797,-0.0353372879787832,0.007959526204542381,-0.04329681418332559,-0.021538367160680937,-0.013798920818102266,-0.0036021700284182673,-0.037806627516778525,0.01626826035609759,-0.008308734151555208,-0.005490186666547059
374,5.375208139419556,0.057622667432982,0.040077739211688154,0.017544928221293846,0.052000244701874185,0.005622422731107812,0.005873870278591437,-0.0056807885906040275,0.057681033292478215,-0.01760329408079006,0.023225716811897872
375,5.387272119522095,0.04451668942769953,0.04337803550630677,0.0011386539213927536,0.0115835718233296,0.03293311760436993,0.00453788883055041,-0.027968633482475767,0.03955220530580537,0.0038258302005014034,0.02910728740386852
376,5.399303436279297,-0.008857918804582837,-0.013798633765354068,0.0049407149607712305,0.005050779400653972,-0.013908698205236809,-0.0009029478903754166,-0.0020241890380313203,0.007074968438685292,-0.02087360220403936,0.006964903998802551
377,5.411329030990601,-0.00621007862878847,0.006424218914391029,-0.0126342975431795,-0.023168707071204116,0.016958628442415646,-0.0006330355381028002,-0.03110286167039523,0.007934154599191114,-0.0015099356848000856,0.01846856412721573
378,5.423346757888794,-0.04551199678273944,-0.01643638641260057,-0.029075610370138873,-0.030141036553299885,-0.015370960229439555,-0.004639347276527975,-0.019001258389261748,-0.011139778164038137,-0.005296608248562432,-0.010074351980877123
379,5.435447692871094,-0.018112837254081773,0.0009749623502633802,-0.019087799604345153,-0.0014497624210181824,-0.01666307483306359,-0.0018463646538309656,-0.025966209917971664,0.024516447496953482,-0.023541485146690102,0.006878410313626512
380,5.447463035583496,-0.0019072230401995446,0.012788023587566066,-0.014695246627765609,-0.03130319139925303,0.029395968359053483,-0.00019441621204888324,-0.042072660328113354,0.010769468928860328,0.0020185546587057376,0.027377413700347745
381,5.459530353546143,-0.012320489119832623,-0.00012819362700640033,-0.012192295492826223,-0.0013240018346060874,-0.010996487285226536,-0.0012559112252632644,-0.016389401565995526,0.015065399731389439,-0.015193593358395839,0.004197106073169304
382,5.471572399139404,-0.003909142435295346,0.023873230546510277,-0.027782372981805623,-0.03857603024900083,0.034666887813705485,-0.00039848546741033084,-0.05939797725577928,0.020821947006778446,0.0030512835397318323,0.031615604273973655
383,5.483624219894409,-0.004146427718664233,0.001371080583353279,-0.0055175083020175125,-0.020969639680673828,0.016823211962009595,-0.00042267356969054364,-0.014125792319164804,-0.006843847361509026,0.008214927944862305,0.008608284017147291
384,5.495721817016602,0.013690824822087543,0.034861859586784484,-0.021171034764696943,0.010134388131052625,0.003556436691034918,0.0013955988605593825,-0.027098014541387026,0.03723240267243965,-0.0023705430856551645,0.005926979776690083
385,5.507774829864502,0.055016016567107626,0.044689838840723466,0.010326177726384162,0.015147047568144579,0.03986896899896305,0.0056081566327326835,-0.011775121178225207,0.026922168746369785,0.01776767009435368,0.02210129890460937
386,5.5198023319244385,0.027377311478696577,0.0035715654524608852,0.02380574602623569,0.041503590398610166,-0.014126278919913587,0.002790755502415553,0.02592267897091723,0.015580911427692933,-0.012009345975232047,-0.0021169329446815393
387,5.531839847564697,0.008296323981211808,0.009687136587824195,-0.001390812606612387,-0.005554593026133869,0.013850917007345677,0.0008457007116423861,-0.01795651565995526,0.01240192263382139,-0.002714786045997196,0.016565703053342873
388,5.543883323669434,-0.008887614728513293,-0.027447044678288256,0.018559429949774962,-0.010249766686378113,0.0013621519578648194,-0.0009059749978097139,0.003983081655480985,-0.014232848341859098,-0.013214196336429158,0.014576348294293977
389,5.555981874465942,-0.027839358497213897,-0.0005785368163584576,-0.02726082168085544,-0.005315927381615682,-0.022523431115598215,-0.0028378550965559527,-0.03249585197613721,0.02717992459452153,-0.027758461410879988,0.005235030295281771
390,5.5680272579193115,0.023287786420346734,0.0070236594902561445,0.01626412693009059,-0.006650956029742186,0.029938742450088922,0.0023738824077825416,-0.016389401565995526,0.00973844553625334,-0.002714786045997196,0.03265352849608612
391,5.580106019973755,0.014431317599277965,0.014216377904497837,0.00021493969478013006,0.02126441847861029,-0.006833100879332326,0.0014710823240854194,-0.010469192766592096,0.03173361124520239,-0.01751723334070455,0.010684132461372226
392,5.5921220779418945,0.027638153685303618,0.028332471139045017,-0.000694317453741395,0.013184811497359387,0.014453342187944232,0.0028173449220492983,-0.017260020507084268,0.030444832004443655,-0.0021123608653986405,0.016565703053342873
393,5.604189872741699,0.004534913617928894,-0.007580799749923723,0.012115713367852618,-0.00853236488174606,0.013067278499674954,0.0004622745787898974,-0.002633622296793438,-0.005898742584952622,-0.0016820571649711013,0.014749335664646056
394,5.616272211074829,-0.028153459203438945,0.021540352501931398,-0.04969381170537034,-0.024111007006607836,-0.004042452196831108,-0.002869873517170127,-0.05051766405667413,0.02640665705006629,-0.004866304548134893,0.0008238523513037848
395,5.628298759460449,0.034694193378357725,0.0191568026019635,0.015537390776394228,0.0021308624946711693,0.032563330883686556,0.0035366150232780556,-0.008466769202087995,0.010597631696759164,0.008559170905204336,0.024004159978482223
396,5.640335321426392,-0.007985852223302132,0.00484883264639064,-0.012834684869692772,0.0017806738854764907,-0.009766526108778623,-0.000814052214403887,-0.022048424683072335,0.023829098568548826,-0.018980265922158186,0.009213739813379564
397,5.652355670928955,0.010412603943021865,0.01714500130003377,-0.006732397357011904,0.01545185057836499,-0.005039246635343124,0.0010614275171276111,-0.014735225577926921,0.03018707615629191,-0.013042074856258142,0.008002828220915017
398,5.666935682296753,-0.03656721790424876,-0.008015367171399033,-0.028551850732849725,-0.0480927631489236,0.011525545244674843,-0.0037275451482414635,-0.044771579045488445,-0.0033211841034351554,-0.004694183067963877,0.01621972831263872
399,5.6764984130859375,-0.003737173890099638,0.014140976467031753,-0.017878150357131393,0.012382789239768153,-0.01611996312986779,-0.0003809555443526644,-0.012906925801640568,0.02528971504140872,-0.011148738574376968,-0.004971224555490825
