,Raw Data LC1,Raw Data LC2,Raw Data LC3,Raw Data LC4,Pretimes LC1,Pretimes LC2,Pretimes LC3,Pretimes LC4,Time Difference Between LC4 â€“ LC1,Time Between First Measurements
0,32783,205021,-54749,425512,1584459847.26095,1584459847.26147,1584459847.26194,1584459847.26241,0.001467227935791,0.001933336257935
1,32867,205068,-54775,425482,1584459847.26288,1584459847.27897,1584459847.27946,1584459847.27994,0.017064332962036,0.017763614654541
2,32937,205427,-54853,425489,1584459847.28064,1584459847.2914,1584459847.29188,1584459847.29235,0.011710166931152,0.012222528457642
3,32743,205346,-54703,425579,1584459847.29287,1584459847.30352,1584459847.30401,1584459847.3045,0.011631965637207,0.012110471725464
4,32802,205291,-54645,425651,1584459847.30498,1584459847.30545,1584459847.31631,1584459847.31691,0.011931657791138,0.012453317642212
5,32785,205323,-54686,425656,1584459847.31743,1584459847.31795,1584459847.31846,1584459847.32934,0.011909484863281,0.012419939041138
6,32700,205077,-54576,425405,1584459847.32985,1584459847.3305,1584459847.33109,1584459847.34207,0.012218713760376,0.012751579284668
7,32863,205234,-54480,425496,1584459847.3426,1584459847.3431,1584459847.3436,1584459847.3543,0.011700630187988,0.012222766876221
8,32898,205266,-54656,425478,1584459847.35482,1584459847.3553,1584459847.35576,1584459847.36635,0.011525869369507,0.012010097503662
9,33044,205238,-54763,425497,1584459847.36683,1584459847.36731,1584459847.36777,1584459847.37836,0.011524200439453,0.012034177780151
10,32852,205246,-1,425668,1584459847.37887,1584459847.37934,1584459847.3798,1584459847.39048,0.011614084243775,0.012088537216187
11,32660,205216,-54759,425601,1584459847.39096,1584459847.39142,1584459847.39188,1584459847.45308,0.062118530273438,0.062597990036011
12,32953,205181,-54724,425692,1584459847.45356,1584459847.45402,1584459847.45448,1584459847.46507,0.011517763137817,0.012008905410767
13,32793,205318,-54855,425640,1584459847.46556,1584459847.46605,1584459847.46653,1584459847.47715,0.011584281921387,0.012053489685059
14,32681,205437,-54734,425710,1584459847.47762,1584459847.47808,1584459847.47854,1584459847.48912,0.011500835418701,0.01197361946106
15,32942,205188,-54732,425540,1584459847.48959,1584459847.49016,1584459847.49067,1584459847.50133,0.011734247207642,0.01221489906311
16,32714,205155,-54680,425601,1584459847.50181,1584459847.50227,1584459847.50274,1584459847.51336,0.011550426483154,0.012085914611816
17,32726,205203,-54569,425533,1584459847.51389,1584459847.51435,1584459847.51485,1584459847.52543,0.011542558670044,0.012015104293823
18,32747,205289,-54709,425515,1584459847.52591,1584459847.52636,1584459847.52683,1584459847.53743,0.011523962020874,0.011996746063233
19,32839,205258,-54650,425590,1584459847.5379,1584459847.53837,1584459847.53887,1584459847.54946,0.011551141738892,0.012022256851196
20,32943,205167,-54830,425604,1584459847.54993,1584459847.55048,1584459847.55095,1584459847.56158,0.011653661727905,0.012151479721069
21,32803,205307,-54808,425606,1584459847.56208,1584459847.56256,1584459847.56304,1584459847.57363,0.011556148529053,0.012027263641358
22,32512,205247,-54807,425477,1584459847.57411,1584459847.57457,1584459847.57503,1584459847.58561,0.011500120162964,0.01197099685669
23,33105,205392,-54820,425496,1584459847.58608,1584459847.58656,1584459847.58704,1584459847.59764,0.011561870574951,0.012035369873047
24,32548,205284,-54838,425420,1584459847.59811,1584459847.59857,1584459847.59904,1584459847.60966,0.011549472808838,0.012134790420532
25,32740,205005,-54554,425769,1584459847.61025,1584459847.61074,1584459847.61123,1584459847.62184,0.011589288711548,0.012071132659912
26,33002,205108,-54647,425677,1584459847.62232,1584459847.62278,1584459847.62324,1584459847.63383,0.011516809463501,0.011995553970337
27,32555,205143,-54650,425549,1584459847.63431,1584459847.63482,1584459847.63529,1584459847.64587,0.011561393737793,0.012031555175781
28,32913,205153,-54601,425710,1584459847.64634,1584459847.6468,1584459847.64727,1584459847.65794,0.011595249176025,0.0120689868927
29,32796,205112,-54785,425605,1584459847.65841,1584459847.65891,1584459847.65938,1584459847.66996,0.011546611785889,0.012128591537476
30,32560,205015,-54636,425656,1584459847.67054,1584459847.671,1584459847.67147,1584459847.68207,0.011524677276611,0.012019634246826
31,33109,205253,-54818,425528,1584459847.68256,1584459847.68304,1584459847.68351,1584459847.69409,0.011530637741089,0.012002229690552
32,32775,205027,-54678,425687,1584459847.69456,1584459847.69503,1584459847.6955,1584459847.70614,0.011580228805542,0.012067794799805
33,32963,205277,-54746,425547,1584459847.70663,1584459847.70711,1584459847.70758,1584459847.71818,0.011543989181519,0.012018203735352
34,32760,205091,-54657,425427,1584459847.71865,1584459847.71911,1584459847.71957,1584459847.73024,0.011591196060181,0.012083768844605
35,32614,205025,-54606,425388,1584459847.73073,1584459847.73121,1584459847.73168,1584459847.79282,0.062088966369629,0.062571287155151
36,32568,205077,-54755,425555,1584459847.79331,1584459847.79377,1584459847.79423,1584459847.80489,0.011587381362915,0.012060165405274
37,32837,205109,-54805,425505,1584459847.80537,1584459847.80583,1584459847.80629,1584459847.81687,0.011501789093018,0.011973381042481
38,32891,205138,-54760,425568,1584459847.81734,1584459847.81784,1584459847.81831,1584459847.82893,0.011593818664551,0.0120689868927
39,32959,262143,-54532,425412,1584459847.82941,1584459847.82987,1584459847.83043,1584459847.84103,0.011621475219727,0.01209306716919
40,32754,204984,-54543,425554,1584459847.8415,1584459847.84196,1584459847.89301,1584459847.89348,0.051981210708618,0.052454233169556
41,32992,205158,-54594,425426,1584459847.89395,1584459847.89442,1584459847.90508,1584459847.90557,0.011613845825195,0.012084245681763
42,33197,205137,-54512,425345,1584459847.90604,1584459847.9065,1584459847.91712,1584459847.91759,0.011554718017578,0.012027502059937
43,33295,204886,-54362,425188,1584459847.91807,1584459847.91853,1584459847.92912,1584459847.92961,0.011546850204468,0.012135982513428
44,33141,205225,-54355,425284,1584459847.9302,1584459847.93069,1584459847.94127,1584459847.94175,0.011545181274414,0.01202130317688
45,33506,204453,-54150,425144,1584459847.94222,1584459847.94269,1584459847.95327,1584459847.95374,0.011516332626343,0.011986017227173
46,33056,204504,-54244,425060,1584459847.95421,1584459847.9547,1584459847.96532,1584459847.9658,0.011589050292969,0.012066602706909
47,33389,204584,-54156,425079,1584459847.96628,1584459847.96674,1584459847.97731,1584459847.97782,0.011543273925781,0.01201605796814
48,33362,204586,-54230,425009,1584459847.97829,1584459847.97879,1584459847.98939,1584459847.98986,0.011567831039429,0.012131929397583
49,33154,204430,-54224,424919,1584459847.99042,1584459847.99089,1584459848.00146,1584459848.00193,0.011506795883179,0.011976480484009
50,33389,204426,-54191,424917,1584459848.0024,1584459848.0029,1584459848.01353,1584459848.014,0.011602163314819,0.012073278427124
51,33478,204639,-54197,425085,1584459848.01447,1584459848.01494,1584459848.02556,1584459848.02606,0.011581420898438,0.012067317962647
52,33454,204494,-54157,424984,1584459848.02654,1584459848.02702,1584459848.0376,1584459848.03807,0.011525392532349,0.011994123458862
53,33290,204448,-54057,425066,1584459848.03854,1584459848.039,1584459848.04958,1584459848.11425,0.075717687606812,0.076273202896118
54,33344,204553,-54113,425072,1584459848.11481,1584459848.11528,1584459848.11574,1584459848.12634,0.011531829833984,0.012013912200928
55,33450,204628,-54051,424932,1584459848.12682,1584459848.12729,1584459848.12775,1584459848.13834,0.011513710021973,0.012025117874146
56,33333,204543,-54121,425081,1584459848.13885,1584459848.13931,1584459848.13978,1584459848.15047,0.011626243591309,0.012101173400879
57,33320,204367,-54040,425043,1584459848.15095,1584459848.15141,1584459848.15188,1584459848.16248,0.011530160903931,0.012044668197632
58,33277,204506,-54155,425107,1584459848.16299,1584459848.16346,1584459848.16393,1584459848.17454,0.011544227600098,0.012024641036987
59,33253,204622,-54038,425019,1584459848.17502,1584459848.17548,1584459848.17595,1584459848.18654,0.0115225315094,0.01201605796814
60,33243,204674,-54111,425009,1584459848.18703,1584459848.1875,1584459848.18797,1584459848.19856,0.011524438858032,0.011994361877441
61,33232,204746,-54223,425117,1584459848.19903,1584459848.19949,1584459848.19998,1584459848.21063,0.011605262756348,0.012104272842407
62,33518,204635,-54134,424967,1584459848.21113,1584459848.2116,1584459848.21206,1584459848.22264,0.011509895324707,0.011977434158325
63,33492,204466,-54068,424934,1584459848.22311,1584459848.22357,1584459848.22403,1584459848.23465,0.011537313461304,0.012024164199829
64,33290,204661,-54097,424846,1584459848.23513,1584459848.2356,1584459848.23606,1584459848.24664,0.011505603790283,0.011977195739746
65,33305,204648,-54242,424752,1584459848.24711,1584459848.24758,1584459848.24804,1584459848.25867,0.011561155319214,0.012063026428223
66,33218,204762,-54292,424867,1584459848.25917,1584459848.25964,1584459848.2602,1584459848.27082,0.011642217636108,0.012121200561524
67,33390,204596,-54127,424980,1584459848.2713,1584459848.27176,1584459848.27222,1584459848.28283,0.011535882949829,0.012007236480713
68,33462,204389,-54264,425049,1584459848.2833,1584459848.28377,1584459848.28423,1584459848.29483,0.011526823043823,0.012000322341919
69,33317,204462,-54237,424986,1584459848.2953,1584459848.29577,1584459848.29623,1584459848.30685,0.011542320251465,0.012016773223877
70,33389,204403,-54111,424846,1584459848.30732,1584459848.30779,1584459848.30825,1584459848.31887,0.011550664901733,0.012027025222778
71,33442,204512,-54139,424962,1584459848.31935,1584459848.31981,1584459848.32038,1584459848.331,0.011651515960693,0.01213002204895
72,33382,204627,-53994,425111,1584459848.33148,1584459848.33196,1584459848.34255,1584459848.34303,0.011555194854736,0.01203203201294
73,33209,204686,-53979,425118,1584459848.34351,1584459848.34398,1584459848.35459,1584459848.35509,0.011582374572754,0.012055397033691
74,33293,204665,-54158,425014,1584459848.35556,1584459848.35603,1584459848.36662,1584459848.36709,0.011527538299561,0.01200008392334
75,33464,204670,-54200,425123,1584459848.36756,1584459848.36803,1584459848.37865,1584459848.37914,0.011577129364014,0.01204776763916
76,33313,204775,-54158,425241,1584459848.37961,1584459848.38017,1584459848.39075,1584459848.39122,0.011610269546509,0.012082099914551
77,33229,204504,-54173,425093,1584459848.39169,1584459848.44274,1584459848.44323,1584459848.44371,0.052011013031006,0.052482843399048
78,33413,204502,-54281,424971,1584459848.44418,1584459848.45475,1584459848.45523,1584459848.45574,0.011564493179321,0.012039422988892
79,33499,204726,-54105,425013,1584459848.45622,1584459848.46685,1584459848.46732,1584459848.4678,0.01158332824707,0.012057065963745
80,33302,204662,-54183,425151,1584459848.46827,1584459848.47887,1584459848.47934,1584459848.47982,0.011545419692993,0.012110948562622
81,33320,204646,-54143,425101,1584459848.48039,1584459848.491,1584459848.49147,1584459848.49194,0.011553764343262,0.01202392578125
82,33457,204672,-54075,424954,1584459848.49241,1584459848.50302,1584459848.50349,1584459848.50396,0.011554718017578,0.012025594711304
83,33493,204504,-54197,425054,1584459848.50443,1584459848.51507,1584459848.51554,1584459848.51602,0.01158356666565,0.012060403823853
84,33343,204697,-54203,425142,1584459848.5165,1584459848.52711,1584459848.52757,1584459848.52804,0.011548757553101,0.012021541595459
85,33456,204703,-54076,425068,1584459848.52852,1584459848.53913,1584459848.5396,1584459848.54017,0.011655330657959,0.012158632278442
86,33407,204596,-54092,425068,1584459848.54068,1584459848.55125,1584459848.55171,1584459848.55218,0.011508464813233,0.011980295181275
87,33307,204625,-54113,425037,1584459848.55266,1584459848.55312,1584459848.56374,1584459848.56422,0.011561155319214,0.012075662612915
88,33469,204470,-54093,425054,1584459848.56473,1584459848.56521,1584459848.57579,1584459848.57627,0.011541843414307,0.012021541595459
89,33409,204621,-54138,425170,1584459848.57675,1584459848.57722,1584459848.58782,1584459848.58829,0.011537551879883,0.012040138244629
90,33257,204716,-54124,425109,1584459848.58879,1584459848.58925,1584459848.59985,1584459848.60043,0.011632204055786,0.01210618019104
91,33247,204699,-54116,425065,1584459848.6009,1584459848.60136,1584459848.61199,1584459848.61247,0.011568784713745,0.012086868286133
92,33302,204523,-54043,425159,1584459848.61299,1584459848.61345,1584459848.62405,1584459848.62452,0.011534452438355,0.012004852294922
93,33509,204473,-54096,425056,1584459848.62499,1584459848.62545,1584459848.63603,1584459848.6365,0.011505603790283,0.012004375457764
94,33324,204643,-54034,425036,1584459848.637,1584459848.63746,1584459848.64805,1584459848.64853,0.011532306671143,0.01200270652771
95,33298,204618,-54272,425018,1584459848.649,1584459848.64946,1584459848.66013,1584459848.66068,0.011681318283081,0.012156248092651
96,33234,204579,-54174,425059,1584459848.66115,1584459848.66162,1584459848.67221,1584459848.67268,0.011527538299561,0.011999130249024
97,33220,204457,-54050,425108,1584459848.67315,1584459848.67361,1584459848.68421,1584459848.68471,0.011555194854736,0.012028217315674
98,33412,204506,-54154,425057,1584459848.68518,1584459848.68564,1584459848.69622,1584459848.69669,0.011508464813233,0.011979818344116
99,33374,204780,-54148,425115,1584459848.69716,1584459848.69764,1584459848.70824,1584459848.70874,0.011578321456909,0.012050628662109
100,33434,204677,-54057,425059,1584459848.70921,1584459848.70968,1584459848.72036,1584459848.72083,0.011621952056885,0.012096643447876
101,33304,204492,-54106,424951,1584459848.72131,1584459848.72178,1584459848.73237,1584459848.73288,0.011571645736694,0.012043952941895
102,33202,204395,-54107,425229,1584459848.73335,1584459848.73381,1584459848.74443,1584459848.7449,0.011550664901733,0.012020826339722
103,33281,204419,-54212,425216,1584459848.74537,1584459848.74589,1584459848.75647,1584459848.75696,0.011590480804443,0.012062072753906
104,33287,204647,-54067,425096,1584459848.75744,1584459848.7579,1584459848.76851,1584459848.76898,0.011548757553101,0.012021780014038
105,33481,204760,-54120,425012,1584459848.76946,1584459848.76992,1584459848.78062,1584459848.78111,0.011647939682007,0.012119293212891
106,33279,204686,-53974,424898,1584459848.78158,1584459848.78205,1584459848.79265,1584459848.79313,0.011554718017578,0.012051105499268
107,33343,204591,-53892,424890,1584459848.79363,1584459848.79411,1584459848.80474,1584459848.80521,0.011585712432861,0.012057781219483
108,33250,204348,-54232,424935,1584459848.80569,1584459848.80615,1584459848.81679,1584459848.81729,0.011609077453613,0.012386322021484
109,33265,204557,-54247,425124,1584459848.81807,1584459848.81858,1584459848.8292,1584459848.82968,0.011608839035034,0.06283974647522
110,33599,204173,-54290,425041,1584459848.88091,1584459848.88138,1584459848.88185,1584459848.88233,0.001420497894287,0.012091875076294
111,33231,204506,-54249,425095,1584459848.893,1584459848.89347,1584459848.89394,1584459848.89441,0.001411437988281,0.011991024017334
112,33303,204601,-54318,424988,1584459848.90499,1584459848.90546,1584459848.90597,1584459848.90644,0.00144624710083,0.012122869491577
113,33439,204675,-54086,425045,1584459848.91712,1584459848.91759,1584459848.91806,1584459848.91853,0.001412153244019,0.012027978897095
114,33369,204681,-54085,424939,1584459848.92915,1584459848.92961,1584459848.93018,1584459848.93069,0.001545429229736,0.012135982513428
115,33415,204424,-54154,425023,1584459848.94128,1584459848.94174,1584459848.99278,1584459848.99326,0.051974296569824,0.052449464797974
116,33370,204512,-54006,425007,1584459848.99373,1584459848.9942,1584459849.0048,1584459849.00528,0.011545181274414,0.012019634246826
117,33487,204382,-54135,424898,1584459849.00575,1584459849.00621,1584459849.01683,1584459849.01731,0.011557817459107,0.012076616287232
118,33407,204652,-54178,424953,1584459849.01783,1584459849.01829,1584459849.0289,1584459849.02937,0.011538743972778,0.012007713317871
119,49151,204656,-54174,424836,1584459849.02983,1584459849.03049,1584459849.04109,1584459849.04157,0.011731624603272,0.012204170227051
120,33282,204459,-54041,425074,1584459849.04204,1584459849.09318,1584459849.09366,1584459849.09413,0.052092552185059,0.052566289901733
121,33298,204529,-54154,425080,1584459849.09461,1584459849.10519,1584459849.10606,1584459849.10656,0.011955738067627,0.012449979782105
122,33212,204436,-54192,424979,1584459849.10706,1584459849.11769,1584459849.11816,1584459849.11863,0.011576652526856,0.012049913406372
123,33296,204574,-54192,425042,1584459849.1191,1584459849.12971,1584459849.13028,1584459849.13079,0.011680126190186,0.01215124130249
124,33381,204639,-54298,425049,1584459849.13126,1584459849.14186,1584459849.14233,1584459849.1428,0.011545658111572,0.012022256851196
125,33682,204581,-54149,425173,1584459849.14328,1584459849.15386,1584459849.15433,1584459849.15486,0.011585474014282,0.012061834335327
126,33404,204480,-54064,425188,1584459849.15534,1584459849.16596,1584459849.16644,1584459849.16692,0.011576890945435,0.012059211730957
127,33261,204634,-54191,425089,1584459849.1674,1584459849.17806,1584459849.17855,1584459849.17904,0.011642694473267,0.012118577957153
128,33417,204604,-54156,425035,1584459849.17952,1584459849.17998,1584459849.18056,1584459849.19114,0.01162576675415,0.01209831237793
129,33327,204513,-54224,424931,1584459849.19162,1584459849.19208,1584459849.19254,1584459849.20317,0.011557579040527,0.012032985687256
130,33320,204654,-54280,425016,1584459849.20365,1584459849.20411,1584459849.20459,1584459849.21517,0.011521339416504,0.011998891830444
131,33258,204472,-54169,425138,1584459849.21565,1584459849.21612,1584459849.21659,1584459849.22721,0.011563301086426,0.012037992477417
132,33392,204536,-54278,425141,1584459849.22769,1584459849.22815,1584459849.22863,1584459849.23925,0.01155948638916,0.012033700942993
133,33322,204384,-54153,425056,1584459849.23972,1584459849.24027,1584459849.24074,1584459849.25132,0.011596202850342,0.012068510055542
134,33260,204514,-54121,424968,1584459849.25179,1584459849.25225,1584459849.25274,1584459849.26334,0.011552333831787,0.012024879455566
135,33402,204779,-54109,425008,1584459849.26381,1584459849.26428,1584459849.26474,1584459849.27534,0.011523008346558,0.011996984481812
136,33445,204694,False,424990,1584459849.27581,1584459849.27628,1584459849.27677,1584459849.28746,0.011651039123535,0.012149095535278
137,33455,204663,-3153921,424903,1584459849.28796,1584459849.28844,1584459849.2892,1584459849.28972,0.00176215171814,0.012517690658569
138,33172,204686,-54140,424944,1584459849.30048,1584459849.301,1584459849.30146,1584459849.30194,0.001461744308472,0.012174606323242
139,33361,204534,-54060,424902,1584459849.31265,1584459849.31312,1584459849.31359,1584459849.31406,0.001408815383911,0.012124061584473
140,33333,204514,-54099,425123,1584459849.32478,1584459849.32524,1584459849.32571,1584459849.32619,0.001410484313965,0.012007474899292
141,33267,204674,-54185,425164,1584459849.33678,1584459849.33725,1584459849.33774,1584459849.33823,0.001445055007935,0.01207709312439
142,33544,204717,-54167,425061,1584459849.34886,1584459849.34933,1584459849.3498,1584459849.35044,0.001578569412231,0.012231826782227
143,33301,204690,-54111,425089,1584459849.36109,1584459849.36156,1584459849.36203,1584459849.3625,0.001405000686646,0.012052297592163
144,33442,204598,-53998,425019,1584459849.37314,1584459849.37361,1584459849.37407,1584459849.37455,0.001404523849487,0.012025594711304
145,33394,204513,-54177,425005,1584459849.38517,1584459849.38567,1584459849.38616,1584459849.38665,0.001480102539063,0.01206374168396
146,33364,204508,-54151,425093,1584459849.39723,1584459849.3977,1584459849.39816,1584459849.39863,0.001397371292114,0.011996984481812
147,33426,204680,-54232,425058,1584459849.40923,1584459849.4097,1584459849.41025,1584459849.41094,0.001710891723633,0.012454986572266
148,33394,204613,-54272,425119,1584459849.42169,1584459849.4222,1584459849.4227,1584459849.42319,0.001508235931396,0.012209177017212
149,33517,204389,-54076,425138,1584459849.43389,1584459849.43437,1584459849.43488,1584459849.43536,0.001460790634155,0.012195825576782
150,33341,204546,-54166,425055,1584459849.44609,1584459849.44657,1584459849.44704,1584459849.44752,0.001430034637451,0.012053728103638
151,33382,204615,-54146,425215,1584459849.45814,1584459849.45863,1584459849.45912,1584459849.45959,0.0014488697052,0.01217794418335
152,33344,204585,-54036,424890,1584459849.47032,1584459849.47079,1584459849.47126,1584459849.47175,0.001423358917236,0.062634229660034
153,33458,204684,-54155,424990,1584459849.53296,1584459849.53343,1584459849.5339,1584459849.53437,0.001412391662598,0.012008190155029
154,33572,204632,-54069,425007,1584459849.54497,1584459849.54543,1584459849.54595,1584459849.54643,0.001469850540161,0.012083292007446
155,33361,204545,-54072,425166,1584459849.55705,1584459849.55751,1584459849.55798,1584459849.55845,0.001399040222168,0.012009620666504
156,33399,204671,-54162,425126,1584459849.56906,1584459849.56952,1584459849.56999,1584459849.57059,0.001531362533569,0.012141227722168
157,33286,204557,-54047,425017,1584459849.5812,1584459849.58167,1584459849.58213,1584459849.58261,0.001406192779541,0.012014627456665
158,33375,204712,-54115,424999,1584459849.59321,1584459849.59371,1584459849.59419,1584459849.59469,0.001474380493164,0.012058019638062
159,33487,204704,-54180,425163,1584459849.60527,1584459849.60574,1584459849.6062,1584459849.60667,0.001400232315063,0.01200795173645
160,33513,204624,-54147,425172,1584459849.61728,1584459849.61774,1584459849.61821,1584459849.6187,0.00142502784729,0.012053489685059
161,33456,204647,-54251,424985,1584459849.62933,1584459849.6298,1584459849.63038,1584459849.63086,0.001526832580566,0.012115478515625
162,33369,204725,-54281,425077,1584459849.64145,1584459849.64195,1584459849.64242,1584459849.64293,0.00147819519043,0.012087345123291
163,33988,204984,-54057,425127,1584459849.65354,1584459849.654,1584459849.65446,1584459849.65494,0.001402378082275,0.011985063552857
164,34661,205091,-54044,424937,1584459849.66552,1584459849.66599,1584459849.66645,1584459849.66696,0.001435279846191,0.012066841125488
165,35220,205468,-54096,425042,1584459849.67759,1584459849.67806,1584459849.67852,1584459849.67899,0.001405477523804,0.012019157409668
166,35556,206059,-54112,426668,1584459849.68961,1584459849.6902,1584459849.6907,1584459849.69119,0.001584053039551,0.012173891067505
167,36071,206322,-54116,456034,1584459849.70178,1584459849.70225,1584459849.70271,1584459849.70318,0.001402139663696,0.012018918991089
168,40780,212099,-49493,514728,1584459849.7138,1584459849.71427,1584459849.71478,1584459849.71526,0.001461744308472,0.012073516845703
169,78119,263382,-9126,523683,1584459849.72587,1584459849.72634,1584459849.72681,1584459849.72728,0.001404285430908,0.012060880661011
170,201616,373725,51752,449241,1584459849.73793,1584459849.7384,1584459849.7389,1584459849.73937,0.001432657241821,0.012017726898193
171,2097151,318223,28583,430166,1584459849.74995,1584459849.75051,1584459849.75098,1584459849.75145,0.001498460769653,0.012102842330933
172,207146,296182,-45613,436234,1584459849.76205,1584459849.81314,1584459849.81362,1584459849.8141,0.052042961120606,0.052518129348755
173,195477,287752,-44851,433523,1584459849.81457,1584459849.82521,1584459849.8257,1584459849.82618,0.011609554290772,0.012130975723267
174,193979,290236,-38721,435498,1584459849.8267,1584459849.83731,1584459849.83778,1584459849.83825,0.011543035507202,0.012016534805298
175,195326,295245,-36865,434604,1584459849.83872,1584459849.84929,1584459849.8498,1584459849.85036,0.011642932891846,0.01215410232544
176,195030,295735,-37184,436796,1584459849.85087,1584459849.86147,1584459849.86194,1584459849.91298,0.062103748321533,0.062587261199951
177,192787,290774,-36921,438282,1584459849.91346,1584459849.91397,1584459849.91444,1584459849.92507,0.011605262756348,0.012083530426025
178,199990,294477,-36191,438743,1584459849.92555,1584459849.92602,1584459849.92649,1584459849.93711,0.011564254760742,0.012040138244629
179,207588,297469,-36349,440344,1584459849.93759,1584459849.93805,1584459849.93854,1584459849.94914,0.01155424118042,0.012031555175781
180,213490,299126,-36635,440671,1584459849.94962,1584459849.95018,1584459849.95065,1584459849.96125,0.011636018753052,0.012159824371338
181,213924,299139,-36849,440972,1584459849.96178,1584459849.96224,1584459849.96273,1584459849.97331,0.011537075042725,0.012010335922241
182,212877,298817,-37671,441282,1584459849.97379,1584459849.97425,1584459849.97472,1584459849.98533,0.011547565460205,0.012022256851196
183,211018,298563,-37889,441288,1584459849.98581,1584459849.98627,1584459849.98679,1584459849.99737,0.011556386947632,0.012037754058838
184,207766,298385,-37612,442363,1584459849.99785,1584459849.99832,1584459849.99879,1584459850.00937,0.011527061462402,0.012042284011841
185,205327,298214,-36798,442869,1584459850.00989,1584459850.01045,1584459850.01096,1584459850.02156,0.011666774749756,0.012142181396484
186,202359,299625,-34667,444145,1584459850.02203,1584459850.02249,1584459850.02296,1584459850.03357,0.011535167694092,0.012012004852295
187,200545,300122,-33262,444555,1584459850.03404,1584459850.03453,1584459850.03502,1584459850.04562,0.011575937271118,0.012051343917847
188,196818,299683,-32187,444774,1584459850.0461,1584459850.04656,1584459850.04704,1584459850.05764,0.011545658111572,0.012033939361572
189,193321,299408,-31517,445129,1584459850.05813,1584459850.05861,1584459850.0591,1584459850.06971,0.011577844619751,0.012225866317749
190,192380,299139,-31337,445174,1584459850.07035,1584459850.07082,1584459850.07129,1584459850.08192,0.011561632156372,0.012038707733154
191,191181,298839,-31183,445286,1584459850.08239,1584459850.08291,1584459850.08338,1584459850.09396,0.0115647315979,0.012036800384522
192,192553,298618,-31976,444869,1584459850.09443,1584459850.0949,1584459850.09536,1584459850.10599,0.011564254760742,0.012037515640259
193,193922,298627,-32493,444432,1584459850.10647,1584459850.10698,1584459850.10745,1584459850.11803,0.011561870574951,0.012031555175781
194,196910,300123,-33300,443616,1584459850.1185,1584459850.11896,1584459850.11943,1584459850.13015,0.011654138565064,0.012168645858765
195,201806,301670,-34640,442814,1584459850.13067,1584459850.13115,1584459850.13162,1584459850.14222,0.011556386947632,0.012030601501465
196,205041,303182,-35376,442283,1584459850.1427,1584459850.14316,1584459850.14363,1584459850.15423,0.011531829833984,0.012024879455566
197,209022,305634,-35414,441979,1584459850.15472,1584459850.1552,1584459850.15567,1584459850.16627,0.01154375076294,0.01201605796814
198,212359,307599,-34775,441811,1584459850.16674,1584459850.16721,1584459850.16767,1584459850.17825,0.01150918006897,0.02218222618103
199,213292,308176,-34345,441641,1584459850.18892,1584459850.18939,1584459850.18986,1584459850.19042,0.001494884490967,0.022759914398193
200,208952,306041,-34547,441713,1584459850.21168,1584459850.21222,1584459850.21274,1584459850.21322,0.001535892486572,0.002011060714722
201,207019,304945,-34995,441502,1584459850.21369,1584459850.22439,1584459850.22489,1584459850.22537,0.011677026748657,0.012159824371338
202,206382,304461,-35617,440994,1584459850.22585,1584459850.23659,1584459850.23709,1584459850.23758,0.011722564697266,0.012199401855469
203,207970,305416,-35958,440495,1584459850.23805,1584459850.24866,1584459850.24913,1584459850.24963,0.011573314666748,0.012173414230347
204,210210,307031,-36594,439888,1584459850.25023,1584459850.25072,1584459850.25121,1584459850.26206,0.011834144592285,0.012360334396362
205,212393,308361,-37200,False,1584459850.26259,1584459850.26309,1584459850.26358,1584459850.27445,0.011868476867676,0.012474536895752
206,214427,309912,-38005,434708,1584459850.27506,1584459850.27555,1584459850.27603,1584459850.28692,0.011857509613037,0.063036918640137
207,224900,315671,-39413,434474,1584459850.3381,1584459850.33859,1584459850.33909,1584459850.33957,0.00147008895874,0.012178897857666
208,224091,314695,-39420,434360,1584459850.35028,1584459850.35075,1584459850.35122,1584459850.3517,0.001421213150024,0.012014865875244
209,222814,313235,-39831,434454,1584459850.36229,1584459850.36279,1584459850.36326,1584459850.36373,0.001437425613403,0.012049436569214
210,222217,312273,-40341,434716,1584459850.37434,1584459850.37481,1584459850.37527,1584459850.37574,0.00140380859375,0.012014150619507
211,221988,311911,-40848,434543,1584459850.38635,1584459850.38687,1584459850.38733,1584459850.3878,0.001449823379517,0.01205849647522
212,222281,312249,-40915,434471,1584459850.39841,1584459850.39888,1584459850.39935,1584459850.39982,0.001405477523804,0.012070417404175
213,223080,313473,-40803,433683,1584459850.41048,1584459850.411,1584459850.41148,1584459850.41196,0.001473188400269,0.012066841125488
214,223405,313773,-40978,432871,1584459850.42255,1584459850.42301,1584459850.42348,1584459850.42395,0.001397848129272,0.012049198150635
215,223500,313515,-41086,432269,1584459850.4346,1584459850.43509,1584459850.43556,1584459850.43603,0.001428604125977,0.012012720108032
216,223521,313506,-41835,431769,1584459850.44661,1584459850.44708,1584459850.44755,1584459850.44803,0.001418352127075,0.012059926986694
217,225422,314597,-42580,431757,1584459850.45867,1584459850.45916,1584459850.45962,1584459850.46019,0.001518964767456,0.012102365493775
218,228477,316341,-43026,431800,1584459850.47077,1584459850.47124,1584459850.47171,1584459850.47217,0.001399993896484,0.012043952941895
219,230939,316991,-43336,432273,1584459850.48282,1584459850.4833,1584459850.48376,1584459850.48424,0.001418590545654,0.012034177780151
220,231636,317431,-43037,433099,1584459850.49485,1584459850.49532,1584459850.49579,1584459850.49626,0.001408576965332,0.012024402618408
221,231259,319685,-40933,434414,1584459850.50688,1584459850.51748,1584459850.51795,1584459850.51842,0.011547803878784,0.012023210525513
222,230670,320307,-39011,436399,1584459850.5189,1584459850.51936,1584459850.52994,1584459850.5305,0.011602401733399,0.012116193771362
223,228024,318550,-37098,438719,1584459850.53102,1584459850.53148,1584459850.54209,1584459850.54257,0.011553287506104,0.01202917098999
224,221934,314964,-35367,440982,1584459850.54305,1584459850.54351,1584459850.55411,1584459850.5546,0.011553287506104,0.012048959732056
225,213867,310715,-34298,443065,1584459850.55509,1584459850.55558,1584459850.56618,1584459850.56666,0.011560916900635,0.012036323547363
226,206053,306421,-33313,444554,1584459850.56713,1584459850.56759,1584459850.57819,1584459850.5787,0.011570453643799,0.012066841125488
227,198808,302801,-32803,445624,1584459850.5792,1584459850.57967,1584459850.59035,1584459850.59083,0.011630058288574,0.012104988098145
228,193112,299739,-32885,446123,1584459850.5913,1584459850.59177,1584459850.60236,1584459850.60288,0.01157546043396,0.012049436569214
229,188665,298186,-33303,446320,1584459850.60335,1584459850.60382,1584459850.61439,1584459850.61486,0.011510848999024,0.022114038467407
230,187174,298469,-33894,446461,1584459850.62547,1584459850.62593,1584459850.6264,1584459850.62691,0.001441717147827,0.012059926986694
231,189949,300484,-34495,445923,1584459850.63753,1584459850.63799,1584459850.63846,1584459850.63893,0.001404047012329,0.012007713317871
232,193904,303459,-35210,444875,1584459850.64953,1584459850.65002,1584459850.65062,1584459850.65111,0.001577377319336,0.012183427810669
233,197719,305444,-36390,443345,1584459850.66172,1584459850.66219,1584459850.66265,1584459850.66312,0.001402854919434,0.011986255645752
234,201565,306802,-37529,441653,1584459850.6737,1584459850.67417,1584459850.67466,1584459850.67514,0.00144100189209,0.012101650238037
235,204932,307474,-38954,439812,1584459850.68581,1584459850.68628,1584459850.68676,1584459850.68723,0.00142502784729,0.012051343917847
236,207747,307087,-40727,437741,1584459850.69786,1584459850.69832,1584459850.69883,1584459850.69931,0.001458406448364,0.012053728103638
237,211831,307444,-42522,435647,1584459850.70991,1584459850.71046,1584459850.71093,1584459850.7114,0.001486778259277,0.012086153030396
238,218277,309368,-44203,433970,1584459850.722,1584459850.72247,1584459850.72298,1584459850.72345,0.001455545425415,0.012037038803101
239,227860,313226,-45256,432781,1584459850.73403,1584459850.7345,1584459850.73497,1584459850.73544,0.001410007476807,0.012070178985596
240,235601,316519,-46089,431989,1584459850.7461,1584459850.74659,1584459850.74708,1584459850.74756,0.001453876495361,0.012038707733154
241,240062,317924,-46454,431295,1584459850.75814,1584459850.75861,1584459850.75907,1584459850.75956,0.00141429901123,0.012096166610718
242,241940,318168,-46603,433636,1584459850.77024,1584459850.77073,1584459850.77122,1584459850.77169,0.001452207565308,0.062604427337647
243,225994,309037,-45021,432963,1584459850.83284,1584459850.83331,1584459850.83378,1584459850.83426,0.001416921615601,0.012081861495972
244,223351,308610,-45733,432255,1584459850.84492,1584459850.8454,1584459850.84586,1584459850.84633,0.001409530639648,0.011990308761597
245,222359,308728,-46529,431530,1584459850.85692,1584459850.85738,1584459850.85788,1584459850.85835,0.001437664031982,0.012074708938599
246,222066,308892,-47181,430468,1584459850.86899,1584459850.86946,1584459850.86994,1584459850.87051,0.001519203186035,0.012106657028198
247,225559,308840,-47987,429467,1584459850.8811,1584459850.88156,1584459850.88203,1584459850.8825,0.00140380859375,0.012058734893799
248,229542,309618,-49057,428287,1584459850.89316,1584459850.89362,1584459850.89409,1584459850.89456,0.001408815383911,0.012019157409668
249,236152,311256,-50209,427360,1584459850.90517,1584459850.90568,1584459850.90616,1584459850.90665,0.001479864120483,0.017102718353272
250,243252,314830,-51813,426995,1584459850.92228,1584459850.92284,1584459850.92331,1584459850.92379,0.001510143280029,0.014706373214722
251,247817,318717,-51922,426468,1584459850.93698,1584459850.93747,1584459850.93794,1584459850.93842,0.001440286636353,0.012157678604126
252,248359,318790,-51934,426250,1584459850.94914,1584459850.94961,1584459850.95022,1584459850.9507,0.001554727554321,0.012174367904663
253,246720,317684,-51752,426407,1584459850.96132,1584459850.96178,1584459850.96224,1584459850.96271,0.001397132873535,0.012208223342896
254,243531,316326,-51167,426689,1584459850.97352,1584459850.97402,1584459850.97451,1584459850.97501,0.001482486724854,0.012340068817139
255,240434,314670,-50744,427118,1584459850.98586,1584459850.98634,1584459850.98681,1584459850.98731,0.001450538635254,0.012298345565796
256,236091,312809,-50386,427289,1584459850.99816,1584459850.99864,1584459850.99911,1584459850.99959,0.001424551010132,0.012228488922119
257,235441,311686,-50558,427127,1584459851.01039,1584459851.01086,1584459851.01132,1584459851.01178,0.001392602920532,0.011967897415161
258,236083,311061,-51472,426821,1584459851.02236,1584459851.02282,1584459851.02328,1584459851.02374,0.001381635665894,0.011983633041382
259,237284,311159,-51668,426456,1584459851.03434,1584459851.0348,1584459851.03526,1584459851.03572,0.001381635665894,0.01197075843811
260,238888,311543,-51790,426241,1584459851.04631,1584459851.04677,1584459851.04723,1584459851.04769,0.001377105712891,0.011973381042481
261,240223,311979,-52159,425459,1584459851.05829,1584459851.05874,1584459851.0592,1584459851.05966,0.001376867294312,0.012019872665405
262,241668,312667,-52497,424719,1584459851.07031,1584459851.07077,1584459851.07123,1584459851.07169,0.001388549804688,0.011964559555054
263,242701,312756,-53261,424173,1584459851.08227,1584459851.08272,1584459851.08318,1584459851.08364,0.001368045806885,0.011968851089478
264,244104,312865,-53722,423411,1584459851.09424,1584459851.09469,1584459851.09515,1584459851.09562,0.001377820968628,0.011944055557251
265,245336,312920,-54149,423124,1584459851.10618,1584459851.10664,1584459851.1071,1584459851.10756,0.001372814178467,0.011960744857788
266,246249,312572,-54561,422715,1584459851.11814,1584459851.1186,1584459851.11906,1584459851.11953,0.001386880874634,0.012051105499268
267,247331,312762,-55094,422110,1584459851.1302,1584459851.13065,1584459851.13111,1584459851.13157,0.001376628875732,0.011984348297119
268,248299,313357,-55734,421669,1584459851.14218,1584459851.14264,1584459851.14309,1584459851.14356,0.001377105712891,0.011968612670899
269,250027,314545,-56081,421047,1584459851.15415,1584459851.15461,1584459851.15506,1584459851.15553,0.001378059387207,0.011943578720093
270,251647,316210,-56523,420569,1584459851.16609,1584459851.16655,1584459851.167,1584459851.16747,0.001374244689941,0.011964797973633
271,253031,317624,-56932,419875,1584459851.17806,1584459851.17851,1584459851.17897,1584459851.17943,0.001375436782837,0.011942386627197
272,253706,319197,-57614,419205,1584459851.19,1584459851.19054,1584459851.191,1584459851.19147,0.001468181610107,0.01206111907959
273,253595,320438,-58079,418802,1584459851.20206,1584459851.20252,1584459851.20298,1584459851.20344,0.001380681991577,0.011947393417358
274,253762,321731,-58457,418160,1584459851.21401,1584459851.21447,1584459851.21493,1584459851.2154,0.001389265060425,0.011962890625
275,253424,323146,-58925,417724,1584459851.22597,1584459851.22643,1584459851.2269,1584459851.22736,0.001389026641846,0.01197361946106
276,253860,324738,-59477,417458,1584459851.23794,1584459851.2384,1584459851.23886,1584459851.23932,0.0013747215271,0.011961460113525
277,262143,326421,-59575,417326,1584459851.24991,1584459851.25046,1584459851.25092,1584459851.25138,0.001475095748901,0.012060403823853
278,249059,324377,-59236,417793,1584459851.26197,1584459851.31295,1584459851.31342,1584459851.31388,0.051917552947998,0.052382469177246
279,248280,323052,-59244,418012,1584459851.31435,1584459851.32493,1584459851.32539,1584459851.32586,0.011512517929077,0.01197624206543
280,248280,322081,-59169,418463,1584459851.32632,1584459851.33688,1584459851.33734,1584459851.33781,0.011481285095215,0.011945486068726
281,248202,321092,-59132,418510,1584459851.33827,1584459851.34885,1584459851.34931,1584459851.34977,0.011502027511597,0.012059211730957
282,248151,320118,-59100,418770,1584459851.35033,1584459851.3609,1584459851.36136,1584459851.36182,0.011494398117066,0.011953353881836
283,248097,319709,-58954,418992,1584459851.36228,1584459851.37284,1584459851.3733,1584459851.37376,0.011481046676636,0.011940240859985
284,248080,319275,-59143,418946,1584459851.37422,1584459851.3848,1584459851.38525,1584459851.38572,0.011493921279907,0.011956930160523
285,248386,319314,-59150,418825,1584459851.38618,1584459851.39676,1584459851.39722,1584459851.39769,0.011507272720337,0.011975765228272
286,248216,319437,-59232,418773,1584459851.39816,1584459851.40873,1584459851.40918,1584459851.40965,0.011489629745483,0.012056350708008
287,248361,319382,-59553,418488,1584459851.41021,1584459851.42078,1584459851.42124,1584459851.42171,0.011493921279907,0.011954784393311
288,248281,319203,-59422,418421,1584459851.42217,1584459851.43272,1584459851.43318,1584459851.43364,0.011473417282105,0.011934995651245
289,248090,319117,-59809,418160,1584459851.4341,1584459851.44469,1584459851.44514,1584459851.44561,0.011504888534546,0.011962413787842
290,248863,319605,-59822,418261,1584459851.44606,1584459851.44652,1584459851.45708,1584459851.45755,0.01148247718811,0.011945009231567
291,249354,320304,-59787,418338,1584459851.45801,1584459851.45846,1584459851.46904,1584459851.46951,0.011496543884277,0.011957883834839
292,249944,320654,-59660,418088,1584459851.46997,1584459851.47051,1584459851.48108,1584459851.48154,0.011576652526856,0.012041091918945
293,250339,321520,-59598,418080,1584459851.48201,1584459851.48246,1584459851.49303,1584459851.49349,0.011484146118164,0.011947631835938
294,250847,322159,-59531,418205,1584459851.49396,1584459851.49441,1584459851.50499,1584459851.50545,0.01149845123291,0.011961221694946
295,250860,322300,-59013,418295,1584459851.50592,1584459851.50637,1584459851.51693,1584459851.51739,0.011472702026367,0.0119309425354
296,249634,322164,-58522,418571,1584459851.51785,1584459851.51831,1584459851.52889,1584459851.52935,0.011504173278809,0.011970043182373
297,248364,321429,-58103,418558,1584459851.52982,1584459851.53036,1584459851.54094,1584459851.5414,0.011580944061279,0.012042045593262
298,246537,320689,-57804,418349,1584459851.54186,1584459851.54231,1584459851.55292,1584459851.67817,0.136313438415527,0.136796474456787
299,248278,319454,-59649,418489,1584459851.67866,1584459851.67911,1584459851.67957,1584459851.69024,0.011585950851441,0.01670503616333
300,249330,320204,-59345,418455,1584459851.69536,1584459851.69589,1584459851.69635,1584459851.74827,0.052909374237061,0.053444385528565
301,248103,319852,-59401,418305,1584459851.74881,1584459851.74931,1584459851.74981,1584459851.76084,0.012036085128784,0.012537956237793
302,247911,319982,-59428,418246,1584459851.76134,1584459851.76182,1584459851.7623,1584459851.77312,0.011778831481934,0.012288808822632
303,248875,320505,-59433,418334,1584459851.77363,1584459851.77413,1584459851.77462,1584459851.78537,0.011733055114746,0.012218475341797
304,249253,320842,-59329,418440,1584459851.78585,1584459851.78632,1584459851.78679,1584459851.79746,0.011607170104981,0.012085199356079
305,249057,321537,-59193,418469,1584459851.79794,1584459851.7984,1584459851.79886,1584459851.80948,0.011547088623047,0.012020349502564
306,248825,321945,-59011,418334,1584459851.80996,1584459851.8105,1584459851.81097,1584459851.82162,0.011662006378174,0.012140035629273
307,248148,321970,-58813,418319,1584459851.8221,1584459851.82256,1584459851.82302,1584459851.8336,0.01150107383728,0.022136688232422
308,247360,321261,-58713,418561,1584459851.84423,1584459851.84471,1584459851.84517,1584459851.84565,0.001412868499756,0.012049436569214
309,247291,321039,-58753,418710,1584459851.85628,1584459851.85674,1584459851.85721,1584459851.85844,0.002153396606445,0.002639055252075
310,247523,320678,-1,418689,1584459851.85892,1584459851.86951,1584459851.86997,1584459851.87052,0.011596202850342,0.022234439849854
311,247975,320742,-58585,419172,1584459851.88116,1584459851.88162,1584459851.88209,1584459851.93334,0.052184343338013,0.052663564682007
312,248819,320627,-58581,419196,1584459851.93382,1584459851.93428,1584459851.93474,1584459851.94538,0.011560916900635,0.012043952941895
313,248046,319705,-58451,419268,1584459851.94586,1584459851.94633,1584459851.95694,1584459851.95742,0.011557340621948,0.012027025222778
314,248049,319340,-58288,419466,1584459851.95789,1584459851.95835,1584459851.96898,1584459851.96945,0.011559963226318,0.012029886245728
315,524287,319380,-57939,419680,1584459851.96992,1584459851.97048,1584459851.9818,1584459851.98228,0.01235818862915,0.012825965881348
316,242188,315403,-56020,421542,1584459851.98275,1584459852.03385,1584459852.03432,1584459852.03481,0.052059412002564,0.052533388137817
317,241000,314269,-55705,421805,1584459852.03528,1584459852.04591,1584459852.04638,1584459852.04685,0.011571407318115,0.012040615081787
318,240534,313749,-55575,421891,1584459852.04732,1584459852.05795,1584459852.05841,1584459852.05889,0.01157021522522,0.012047052383423
319,240678,313952,-56021,422055,1584459852.05937,1584459852.06999,1584459852.07057,1584459852.07104,0.011675596237183,0.012142658233643
320,241554,314051,-56194,422080,1584459852.07151,1584459852.08208,1584459852.08254,1584459852.08301,0.011497735977173,0.011963367462158
321,241897,314062,-56175,422080,1584459852.08347,1584459852.09409,1584459852.09455,1584459852.09502,0.011546134948731,0.012011051177979
322,242174,313945,-56467,421798,1584459852.09549,1584459852.10612,1584459852.10658,1584459852.10706,0.011573553085327,0.01203989982605
323,242788,314007,-56883,421443,1584459852.10752,1584459852.1181,1584459852.11856,1584459852.11902,0.011497735977173,0.011962652206421
324,243029,314137,-57371,421423,1584459852.11949,1584459852.11994,1584459852.13056,1584459852.13104,0.011551856994629,0.012018203735352
325,243873,313981,-57389,421303,1584459852.13151,1584459852.13197,1584459852.14255,1584459852.14301,0.011505365371704,0.011970043182373
326,244554,314194,-57506,421178,1584459852.14348,1584459852.14393,1584459852.15458,1584459852.15506,0.011586427688599,0.01205849647522
327,245013,314463,-57703,421149,1584459852.15553,1584459852.156,1584459852.16692,1584459852.16739,0.011855125427246,0.012321949005127
328,245513,314796,-57685,421158,1584459852.16786,1584459852.16831,1584459852.1789,1584459852.17936,0.011508226394653,0.01197361946106
329,245589,315336,-57717,421201,1584459852.17983,1584459852.18039,1584459852.19101,1584459852.19148,0.011652708053589,0.012121200561524
330,245695,315307,-57411,421093,1584459852.19195,1584459852.19241,1584459852.20366,1584459852.20414,0.01219391822815,0.012664318084717
331,245284,315405,-57233,421093,1584459852.20462,1584459852.20508,1584459852.21569,1584459852.21617,0.011554002761841,0.012023210525513
332,244947,315208,-57289,421060,1584459852.21664,1584459852.2171,1584459852.22836,1584459852.22884,0.012197017669678,0.012664318084717
333,244498,315081,-56945,421193,1584459852.2293,1584459852.22976,1584459852.24043,1584459852.25106,0.021760225296021,0.022235631942749
334,244134,315128,-56787,421116,1584459852.25154,1584459852.252,1584459852.25246,1584459852.26308,0.011537551879883,0.012011289596558
335,243731,314754,-56839,421242,1584459852.26355,1584459852.26406,1584459852.26453,1584459852.27516,0.011610984802246,0.022194862365723
336,244009,314789,-56955,421257,1584459852.28574,1584459852.28621,1584459852.28667,1584459852.28714,0.001391649246216,0.012026071548462
337,243933,314566,-56880,False,1584459852.29777,1584459852.29824,1584459852.2987,1584459852.29917,0.00140118598938,0.012476682662964
338,244135,314430,-57063,7143423,1584459852.31025,1584459852.31074,1584459852.3112,1584459852.31167,0.001425743103027,0.001893997192383
339,244457,314644,-57137,16642,1584459852.31214,1584459852.32272,1584459852.32319,1584459852.32365,0.011508703231812,0.062673091888428
340,245194,315292,-56752,421956,1584459852.37481,1584459852.37528,1584459852.37574,1584459852.37621,0.00139856338501,0.062600612640381
341,242879,314154,-56335,422081,1584459852.43742,1584459852.43788,1584459852.43835,1584459852.43881,0.001399040222168,0.011975526809692
342,243200,314047,-56143,422229,1584459852.44939,1584459852.44985,1584459852.4504,1584459852.45087,0.001479864120483,0.012125968933106
343,243375,314489,-56007,422338,1584459852.46152,1584459852.46198,1584459852.46244,1584459852.46291,0.001392602920532,0.011966943740845
344,243394,314424,-56015,422242,1584459852.47348,1584459852.47466,1584459852.47513,1584459852.4756,0.002111673355103,0.012701749801636
345,242614,314106,-55987,422359,1584459852.48619,1584459852.48665,1584459852.4871,1584459852.48757,0.001383543014526,0.011999368667603
346,242024,313836,-55706,422457,1584459852.49818,1584459852.49867,1584459852.49913,1584459852.4996,0.001416683197021,0.012139558792114
347,241484,313199,-55825,422458,1584459852.51032,1584459852.51079,1584459852.51125,1584459852.51172,0.001392126083374,0.012014150619507
348,241141,312811,-56033,422598,1584459852.52234,1584459852.52281,1584459852.52327,1584459852.52374,0.001399755477905,0.011974096298218
349,241888,False,-56196,422375,1584459852.53431,1584459852.53477,1584459852.53586,1584459852.53635,0.00203800201416,0.017179012298584
350,242527,312781,-56478,422379,1584459852.55149,1584459852.55201,1584459852.55248,1584459852.55295,0.001459121704102,0.01224946975708
351,243289,312662,-56594,422384,1584459852.56374,1584459852.56422,1584459852.56468,1584459852.56516,0.001415014266968,0.012105226516724
352,243332,313027,-56575,422270,1584459852.57585,1584459852.57631,1584459852.57791,1584459852.57839,0.002542734146118,0.013152122497559
353,243200,313047,-56481,422304,1584459852.589,1584459852.58946,1584459852.58992,1584459852.60088,0.011878728866577,0.012388229370117
354,243055,312936,-56487,422356,1584459852.60139,1584459852.60189,1584459852.60238,1584459852.60288,0.001495361328125,0.012412071228027
355,243334,313164,-56361,422393,1584459852.6138,1584459852.61429,1584459852.61476,1584459852.61524,0.001437187194824,0.012356996536255
356,242787,312980,-56210,422523,1584459852.62616,1584459852.62666,1584459852.62714,1584459852.62763,0.001474380493164,0.012207269668579
357,242825,312886,-56279,422433,1584459852.63836,1584459852.63883,1584459852.63929,1584459852.63976,0.001398086547852,0.012132167816162
358,242480,312593,-56328,422485,1584459852.6505,1584459852.65098,1584459852.65145,1584459852.65192,0.001429080963135,0.012103319168091
359,242241,312452,-56460,422428,1584459852.6626,1584459852.66307,1584459852.66353,1584459852.664,0.001402139663696,0.011986970901489
360,243135,312642,-56336,422487,1584459852.67459,1584459852.67505,1584459852.6755,1584459852.67597,0.001384258270264,0.012014865875244
361,243427,312711,-56409,422492,1584459852.6866,1584459852.68706,1584459852.68753,1584459852.68799,0.001391649246216,0.011972427368164
362,243620,312789,-56707,422335,1584459852.69857,1584459852.69903,1584459852.69949,1584459852.69995,0.001379013061523,0.012036561965942
363,243253,312690,-56775,422322,1584459852.71061,1584459852.71107,1584459852.71153,1584459852.712,0.001388788223267,0.011968374252319
364,242887,312196,-56927,422167,1584459852.72258,1584459852.72374,1584459852.72421,1584459852.72468,0.002104043960571,0.012689828872681
365,242780,311859,-57095,421967,1584459852.73527,1584459852.73572,1584459852.73618,1584459852.73665,0.001380443572998,0.012013673782349
366,242481,311382,-57468,421959,1584459852.74728,1584459852.74775,1584459852.74822,1584459852.74869,0.001407146453857,0.012040853500366
367,False,311268,-57645,421780,1584459852.75932,1584459852.76037,1584459852.76087,1584459852.76135,0.002022981643677,0.012656927108765
368,244568,311865,-58050,421704,1584459852.77198,1584459852.78255,1584459852.78302,1584459852.79365,0.02167534828186,0.022149562835693
369,245543,312582,-58112,421445,1584459852.79413,1584459852.79459,1584459852.79505,1584459852.8061,0.011974573135376,0.012444496154785
370,246421,313058,-58312,421362,1584459852.80657,1584459852.80703,1584459852.80749,1584459852.80796,0.001388311386108,0.012083053588867
371,247633,314115,-58491,421207,1584459852.81866,1584459852.81912,1584459852.81958,1584459852.82015,0.001492977142334,0.012134075164795
372,248017,314841,-58213,421060,1584459852.83079,1584459852.83126,1584459852.83172,1584459852.83219,0.001398324966431,0.011978626251221
373,247960,315250,-58173,421063,1584459852.84277,1584459852.84323,1584459852.84369,1584459852.84416,0.001387119293213,0.012020349502564
374,247410,315796,-57823,421077,1584459852.85479,1584459852.85525,1584459852.85571,1584459852.85618,0.001394748687744,0.012749910354614
375,246406,315850,-57576,421285,1584459852.86754,1584459852.86801,1584459852.86848,1584459852.86895,0.001413345336914,0.012002944946289
376,245964,316018,-57476,421269,1584459852.87954,1584459852.88,1584459852.88056,1584459852.88103,0.001483917236328,0.012125015258789
377,246180,316100,-57422,421231,1584459852.89167,1584459852.89213,1584459852.8926,1584459852.89307,0.001403093338013,0.011982202529907
378,245760,316247,-57489,421404,1584459852.90365,1584459852.90411,1584459852.90457,1584459852.90503,0.001381397247314,0.012040615081787
379,245654,316557,-57397,421174,1584459852.91569,1584459852.91615,1584459852.91662,1584459852.91709,0.00139856338501,0.011975526809692
380,245822,False,-57399,421192,1584459852.92767,1584459852.92812,1584459852.92904,1584459852.92953,0.001869440078735,0.012550354003906
381,246201,318657,-56911,421110,1584459852.94022,1584459852.94068,1584459853.00195,1584459853.00243,0.062215089797974,0.062746524810791
382,247085,318451,-56640,421395,1584459853.00296,1584459853.00342,1584459853.01405,1584459853.01453,0.01156759262085,0.012036085128784
383,246423,318050,-56740,421280,1584459853.015,1584459853.01546,1584459853.02603,1584459853.0265,0.01150107383728,0.011971473693848
384,245432,317673,-56688,421402,1584459853.02697,1584459853.02743,1584459853.03804,1584459853.03851,0.011541604995728,0.012006759643555
385,245041,317433,-56918,421330,1584459853.03898,1584459853.03944,1584459853.05001,1584459853.05058,0.011600017547608,0.012075662612915
386,244837,317460,-57293,421264,1584459853.05105,1584459853.05151,1584459853.06219,1584459853.0633,0.012242794036865,0.012720346450806
387,245334,317966,-57291,421392,1584459853.06377,1584459853.06423,1584459853.07486,1584459853.07533,0.011558532714844,0.012025356292725
388,246197,318101,-57512,421445,1584459853.0758,1584459853.07625,1584459853.08682,1584459853.08728,0.011482954025269,0.011943817138672
389,247008,317947,-57643,421402,1584459853.08774,1584459853.0882,1584459853.09881,1584459853.09928,0.011539936065674,0.012006282806397
390,247446,317451,-57659,421297,1584459853.09975,1584459853.1003,1584459853.11087,1584459853.11134,0.01158881187439,0.0120530128479
391,247070,316859,-57860,421059,1584459853.1118,1584459853.11226,1584459853.1229,1584459853.12337,0.011568784713745,0.012037038803101
392,246908,316404,-58086,421142,1584459853.12384,1584459853.1243,1584459853.13503,1584459853.1355,0.011661052703858,0.012125968933106
393,-1040874,315902,-58511,420974,1584459853.13596,1584459853.13643,1584459853.14701,1584459853.14748,0.011512279510498,0.011979818344116
394,247380,316119,-58837,420809,1584459853.14794,1584459853.16868,1584459853.16915,1584459853.16962,0.021673440933228,0.022241830825806
395,248780,316792,-59010,420703,1584459853.17019,1584459853.1808,1584459853.18126,1584459853.18173,0.011544466018677,0.0120108127594
396,249863,317393,-59013,420778,1584459853.1822,1584459853.19277,1584459853.19324,1584459853.19371,0.011510848999024,0.011982679367066
397,250692,317747,-59351,420578,1584459853.19418,1584459853.20485,1584459853.20532,1584459853.20579,0.011609077453613,0.01207447052002
398,251256,318269,-59110,420442,1584459853.20625,1584459853.20671,1584459853.21734,1584459853.21781,0.011557102203369,0.012022256851196
399,251175,318425,-58794,420751,1584459853.21828,1584459853.21874,1584459853.22931,1584459853.22978,0.011504411697388,0.016459226608276
400,250771,318047,-58213,420846,1584459853.23474,1584459853.23525,1584459853.24603,1584459853.24652,0.011781454086304,0.0122549533844
401,249079,317516,-57668,421106,1584459853.24699,1584459853.24745,1584459853.25833,1584459853.25881,0.011821985244751,0.012288093566895
402,247316,316785,-57636,421241,1584459853.25928,1584459853.25973,1584459853.27043,1584459853.27089,0.011614322662354,0.012078046798706
403,245988,316575,-57562,421436,1584459853.27136,1584459853.27181,1584459853.28263,1584459853.28313,0.011778354644775,0.012264013290405
404,245628,316419,-57587,421509,1584459853.28362,1584459853.2841,1584459853.29501,1584459853.2955,0.011884689331055,0.01236367225647
405,245993,316164,-57895,421126,1584459853.29598,1584459853.29645,1584459853.30723,1584459853.30772,0.011731624603272,0.012213468551636
406,246320,316809,-58143,421887,1584459853.3082,1584459853.30866,1584459853.31933,1584459853.3198,0.011606693267822,0.012250185012817
407,247381,317033,-58174,421046,1584459853.32045,1584459853.32092,1584459853.33151,1584459853.33199,0.011539220809937,0.062612056732178
408,247213,316490,-58275,421149,1584459853.38306,1584459853.38354,1584459853.384,1584459853.38447,0.001412391662598,0.011995077133179
409,247457,316460,-58404,421010,1584459853.39505,1584459853.39551,1584459853.39597,1584459853.39643,0.001371145248413,0.011960983276367
410,247661,316598,-58436,421046,1584459853.40702,1584459853.40747,1584459853.40793,1584459853.40839,0.001371145248413,0.011951684951782
411,247887,316602,-58415,420971,1584459853.41897,1584459853.41942,1584459853.41987,1584459853.42042,0.001457452774048,0.012046813964844
412,248217,317093,-58324,420897,1584459853.43101,1584459853.43147,1584459853.43192,1584459853.43239,0.001373291015625,0.011941194534302
413,248250,317279,-58058,421096,1584459853.44296,1584459853.44341,1584459853.44387,1584459853.44433,0.001372337341309,0.011966705322266
414,248281,317298,-57962,421209,1584459853.45492,1584459853.45538,1584459853.45583,1584459853.45629,0.001371622085571,0.012015581130982
415,247954,317238,-57938,421287,1584459853.46694,1584459853.46739,1584459853.46785,1584459853.46831,0.001373291015625,0.011947154998779
416,247925,316947,-1,421116,1584459853.47888,1584459853.47935,1584459853.48992,1584459853.49047,0.01158332824707,0.012049674987793
417,247874,316782,-57988,421074,1584459853.49093,1584459853.49139,1584459853.50195,1584459853.55295,0.062017917633057,0.062489748001099
418,247559,316810,-58071,421095,1584459853.55342,1584459853.55388,1584459853.55433,1584459853.5649,0.011477470397949,0.011938333511353
419,247325,316578,-57836,421264,1584459853.56536,1584459853.56582,1584459853.56627,1584459853.57687,0.011506080627441,0.011972188949585
420,247137,316554,-58058,421136,1584459853.57733,1584459853.57779,1584459853.57825,1584459853.58883,0.011495113372803,0.011956930160523
421,247047,316491,-58125,420980,1584459853.58929,1584459853.58975,1584459853.59029,1584459853.60086,0.011565446853638,0.012027502059937
422,247571,316693,-58283,421118,1584459853.60132,1584459853.60177,1584459853.60223,1584459853.61281,0.011492252349854,0.011951923370361
423,247539,316881,-58481,421001,1584459853.61327,1584459853.61372,1584459853.61418,1584459853.62477,0.011502027511597,0.011969089508057
424,247766,316674,-58447,421113,1584459853.62524,1584459853.62569,1584459853.62615,1584459853.63673,0.0114905834198,0.011953830718994
425,247852,316738,-58425,421075,1584459853.63719,1584459853.63765,1584459853.63811,1584459853.64868,0.011489391326904,0.011954307556152
426,247767,316872,-58435,420884,1584459853.64915,1584459853.6496,1584459853.65014,1584459853.66071,0.011565923690796,0.01202917098999
427,247867,316887,-58365,421097,1584459853.66118,1584459853.66163,1584459853.66209,1584459853.67268,0.011504173278809,0.022071361541748
428,247983,317073,-58332,421062,1584459853.68325,1584459853.68374,1584459853.6842,1584459853.68466,0.00141167640686,0.011991739273071
429,247810,317528,-58203,421079,1584459853.69524,1584459853.6957,1584459853.70627,1584459853.70673,0.011491537094116,0.011953115463257
430,247707,317782,-58178,420991,1584459853.70719,1584459853.70765,1584459853.71823,1584459853.71869,0.011496543884277,0.01195502281189
431,247933,317803,-58189,420918,1584459853.71915,1584459853.7196,1584459853.73025,1584459853.73072,0.011569738388062,0.012031078338623
432,247998,318202,-58209,421059,1584459853.73118,1584459853.73164,1584459853.74222,1584459853.74269,0.011508226394653,0.011969089508057
433,248520,318140,-57967,421005,1584459853.74315,1584459853.7436,1584459853.75418,1584459853.75464,0.0114905834198,0.011950731277466
434,248462,318094,-57914,420840,1584459853.7551,1584459853.75555,1584459853.76611,1584459853.76657,0.011475324630737,0.01193642616272
435,247798,318200,-57642,420891,1584459853.76704,1584459853.77767,1584459853.77813,1584459853.7786,0.011561393737793,0.012029409408569
436,247445,317953,-57685,420787,1584459853.77907,1584459853.77952,1584459853.79016,1584459853.79062,0.011557817459107,0.012019872665405
437,247638,317794,-58691,420555,1584459853.79109,1584459853.79154,1584459853.85262,1584459853.85308,0.0619957447052,0.062458276748657
438,249268,317757,-58941,420498,1584459853.85354,1584459853.854,1584459853.86457,1584459853.86503,0.011487483978272,0.011945009231567
439,249447,317845,-58937,420394,1584459853.86549,1584459853.86594,1584459853.87653,1584459853.877,0.01151180267334,0.011973142623901
440,249636,317714,-59216,420152,1584459853.87746,1584459853.87792,1584459853.88848,1584459853.88894,0.011475324630737,0.011935472488403
441,249483,317854,-59331,420208,1584459853.8894,1584459853.88985,1584459853.90052,1584459853.90098,0.011585474014282,0.012048482894898
442,249852,317953,-59453,419947,1584459853.90145,1584459853.9019,1584459853.91246,1584459853.91292,0.011472702026367,0.011932373046875
443,250361,318340,-59712,419831,1584459853.91338,1584459853.91383,1584459853.92442,1584459853.92489,0.011507272720337,0.011968851089478
444,250952,319352,-59559,419753,1584459853.92535,1584459853.9258,1584459853.93636,1584459853.93682,0.011476755142212,0.01194167137146
445,252090,319996,-59765,419361,1584459853.93729,1584459853.93774,1584459853.94831,1584459853.94877,0.011478662490845,0.011937856674194
446,253181,321048,-60086,419094,1584459853.94923,1584459853.94968,1584459853.96039,1584459853.96086,0.011630296707153,0.012095451354981
447,254471,321633,-60108,419022,1584459853.96132,1584459853.96178,1584459853.97239,1584459853.97286,0.011533260345459,0.011992692947388
448,255179,321365,-59977,419054,1584459853.97331,1584459853.97377,1584459853.98434,1584459853.9848,0.011488914489746,0.011948347091675
449,255133,320615,-59675,419349,1584459853.98526,1584459853.98572,1584459853.99628,1584459853.99674,0.011475324630737,0.01669716835022
450,252547,319312,-59734,419535,1584459854.00196,1584459854.00247,1584459854.01317,1584459854.01363,0.011674404144287,0.012136936187744
451,251765,318448,-59684,419791,1584459854.0141,1584459854.01455,1584459854.02521,1584459854.02568,0.011581420898438,0.012041091918945
452,251068,317998,-59514,420055,1584459854.02614,1584459854.02659,1584459854.03715,1584459854.0376,0.01146674156189,0.011925220489502
453,251330,317858,-59718,420053,1584459854.03806,1584459854.03851,1584459854.0493,1584459854.04979,0.011726140975952,0.012476444244385
454,252029,318656,-59712,419856,1584459854.05054,1584459854.05102,1584459854.06179,1584459854.06231,0.011765718460083,0.012246131896973
455,252723,319258,-59922,419514,1584459854.06279,1584459854.06324,1584459854.07396,1584459854.07446,0.011677980422974,0.012158870697022
456,253486,319578,-59894,419530,1584459854.07494,1584459854.0754,1584459854.08604,1584459854.08651,0.011562585830689,0.012020826339722
457,253234,319490,-59784,419371,1584459854.08697,1584459854.08742,1584459854.09798,1584459854.09843,0.01146936416626,0.011928081512451
458,252942,318967,-60015,419451,1584459854.09889,1584459854.09935,1584459854.10993,1584459854.11048,0.01158356666565,0.012046575546265
459,252376,318620,-59937,419622,1584459854.11094,1584459854.11139,1584459854.12195,1584459854.12241,0.011466503143311,0.011922836303711
460,251870,317830,-59829,419681,1584459854.12286,1584459854.12331,1584459854.1339,1584459854.13436,0.01149845123291,0.011954069137573
461,251733,317572,-59845,419694,1584459854.13482,1584459854.13526,1584459854.14584,1584459854.1463,0.011484861373901,0.011941432952881
462,251454,317770,-59726,419861,1584459854.14676,1584459854.14721,1584459854.15776,1584459854.15822,0.011462688446045,0.011920690536499
463,251721,318071,-59649,419639,1584459854.15868,1584459854.15913,1584459854.16971,1584459854.17026,0.011580467224121,0.012041330337525
464,251870,318507,-59164,419681,1584459854.17072,1584459854.17117,1584459854.18175,1584459854.23276,0.062037229537964,0.062504053115845
465,251201,317865,-59291,419837,1584459854.23322,1584459854.23368,1584459854.23413,1584459854.2447,0.011474609375,0.011933565139771
466,251205,317387,-59181,419895,1584459854.24516,1584459854.24562,1584459854.24607,1584459854.25666,0.011499881744385,0.011966228485108
467,251115,317299,-59457,419809,1584459854.25712,1584459854.25757,1584459854.25803,1584459854.26861,0.011481046676636,0.011940956115723
468,251385,317369,-59671,419821,1584459854.26907,1584459854.26952,1584459854.26997,1584459854.28056,0.011494398117066,0.011954069137573
469,251545,317470,-59901,419840,1584459854.28102,1584459854.28147,1584459854.28192,1584459854.2925,0.011484622955322,0.011946439743042
470,251679,317634,-59816,419697,1584459854.29297,1584459854.30352,1584459854.30398,1584459854.30444,0.011475086212158,0.011934757232666
471,251094,317328,-59601,419817,1584459854.3049,1584459854.30535,1584459854.30581,1584459854.31638,0.011483669281006,0.011942625045776
472,250886,317439,-59522,419839,1584459854.31684,1584459854.31729,1584459854.31775,1584459854.32832,0.011478662490845,0.011940002441406
473,250693,317497,-59467,419925,1584459854.32878,1584459854.32924,1584459854.32969,1584459854.34035,0.0115647315979,0.012025594711304
474,250347,317424,-59667,419840,1584459854.34081,1584459854.34126,1584459854.34171,1584459854.35229,0.011478185653687,0.011939525604248
475,250547,317573,-59839,419934,1584459854.35275,1584459854.3532,1584459854.35366,1584459854.36422,0.011475801467896,0.011935710906983
476,250728,317634,-59781,419875,1584459854.36468,1584459854.36513,1584459854.36559,1584459854.37617,0.011485099792481,0.011945486068726
477,251386,318199,-59877,419739,1584459854.37663,1584459854.37708,1584459854.37754,1584459854.3881,0.011470794677734,0.011929273605347
478,251824,318530,-59764,419620,1584459854.38856,1584459854.38901,1584459854.38946,1584459854.40012,0.011561870574951,0.012027263641358
479,252058,318757,-59714,419536,1584459854.40059,1584459854.40104,1584459854.40149,1584459854.41206,0.011478424072266,0.011939525604248
480,251906,319018,-59727,419727,1584459854.41253,1584459854.41298,1584459854.41343,1584459854.42402,0.011490106582642,0.011948823928833
481,251160,318642,-59427,419864,1584459854.42447,1584459854.42492,1584459854.42537,1584459854.43598,0.011510133743286,0.011973857879639
482,250923,318722,-59471,419768,1584459854.43645,1584459854.4369,1584459854.43735,1584459854.44792,0.011469841003418,0.011929273605347
483,250345,318492,-59454,419709,1584459854.44838,1584459854.44883,1584459854.44928,1584459854.45996,0.011579990386963,0.012163877487183
484,250531,318371,-59727,419798,1584459854.46054,1584459854.46099,1584459854.46145,1584459854.47203,0.011492252349854,0.01195240020752
485,251282,318569,-59882,419588,1584459854.47249,1584459854.47299,1584459854.47345,1584459854.48409,0.011591911315918,0.012061834335327
486,251798,319416,-59670,419550,1584459854.48456,1584459854.48501,1584459854.48546,1584459854.49607,0.011513710021973,0.011978149414063
487,252586,320125,-59690,419410,1584459854.49653,1584459854.49699,1584459854.49744,1584459854.508,0.011470556259155,0.011930227279663
488,252382,319992,-59364,419438,1584459854.50846,1584459854.50891,1584459854.50937,1584459854.51995,0.01148796081543,0.012032985687256
489,252053,319736,-59332,419525,1584459854.5205,1584459854.52095,1584459854.5214,1584459854.53199,0.01149582862854,0.011956691741943
490,251547,319607,-59312,419647,1584459854.53245,1584459854.53291,1584459854.54349,1584459854.54395,0.011497735977173,0.01195764541626
491,251258,319069,-59165,419880,1584459854.54441,1584459854.54486,1584459854.55542,1584459854.55588,0.011472702026367,0.011935949325562
492,251156,319087,-59287,419863,1584459854.55635,1584459854.5568,1584459854.56757,1584459854.56803,0.011680841445923,0.012140035629273
493,251105,319248,-59169,419833,1584459854.56849,1584459854.56894,1584459854.57959,1584459854.70482,0.13633394241333,0.13681697845459
494,249664,318288,-58434,419753,1584459854.7053,1584459854.70576,1584459854.70622,1584459854.7168,0.011490821838379,0.011952638626099
495,250540,318416,-58823,419615,1584459854.71726,1584459854.71771,1584459854.71816,1584459854.72875,0.011496543884277,0.011959791183472
496,251156,318490,-58795,419614,1584459854.72922,1584459854.72968,1584459854.73022,1584459854.74084,0.011621475219727,0.012145042419434
497,252024,319033,-58797,419639,1584459854.74136,1584459854.74182,1584459854.74228,1584459854.75285,0.011491060256958,0.011952638626099
498,252322,319232,-58786,419508,1584459854.75331,1584459854.75377,1584459854.75422,1584459854.7648,0.011488914489746,0.011951684951782
499,251901,318716,-58744,419842,1584459854.76527,1584459854.76572,1584459854.76617,1584459854.77673,0.011466264724732,0.01651406288147
500,251495,318594,-58743,419899,1584459854.78178,1584459854.78231,1584459854.78277,1584459854.78324,0.001461267471313,0.012162685394287
501,250592,317974,-58468,419976,1584459854.79394,1584459854.7944,1584459854.79486,1584459854.79533,0.001382112503052,0.012034893035889
502,249968,317422,-58423,420249,1584459854.80598,1584459854.80644,1584459854.80689,1584459854.80735,0.001374244689941,0.011941432952881
503,249234,316948,-58479,420145,1584459854.81792,1584459854.81837,1584459854.81883,1584459854.81929,0.001365661621094,0.012074232101441
504,-1,316764,-58635,420045,1584459854.82999,1584459854.8307,1584459854.83118,1584459854.83167,0.001680135726929,0.012519359588623
505,250193,317155,-58510,419940,1584459854.84251,1584459854.89388,1584459854.89435,1584459854.89482,0.052305936813355,0.052769422531128
506,249746,316606,-58521,419953,1584459854.89528,1584459854.90587,1584459854.90633,1584459854.90679,0.011505842208862,0.011973142623901
507,249172,316454,-58473,420198,1584459854.90726,1584459854.91786,1584459854.91833,1584459854.91879,0.011535406112671,0.011996746063233
508,248729,316303,-58340,420220,1584459854.91925,1584459854.92986,1584459854.94053,1584459854.941,0.021746158599854,0.022212982177734
509,249001,316237,-58342,420279,1584459854.94147,1584459854.94192,1584459854.94237,1584459854.95297,0.011503458023071,0.011970520019531
510,248712,316461,-58581,420351,1584459854.95344,1584459854.95389,1584459854.96445,1584459854.96491,0.011478662490845,0.011940002441406
511,248710,316484,-58581,420278,1584459854.96538,1584459854.96583,1584459854.9764,1584459854.97687,0.011491775512695,0.011955261230469
512,248789,317084,-58646,420001,1584459854.97733,1584459854.97779,1584459854.98839,1584459854.98886,0.011532545089722,0.012000799179077
513,249295,317475,-58532,420102,1584459854.98933,1584459854.98979,1584459855.00046,1584459855.00093,0.011596202850342,0.012060165405274
514,249908,317789,-58346,420203,1584459855.00139,1584459855.00185,1584459855.01243,1584459855.01289,0.01150107383728,0.011960744857788
515,250077,318101,-58401,420237,1584459855.01335,1584459855.0138,1584459855.02436,1584459855.02482,0.01146936416626,0.011934280395508
516,250380,317966,-58316,420441,1584459855.02529,1584459855.02577,1584459855.0365,1584459855.03699,0.011702537536621,0.012178182601929
517,249899,317803,-58339,420378,1584459855.03747,1584459855.03811,1584459855.04884,1584459855.04953,0.012063026428223,0.012776613235474
518,248895,318805,-58746,419959,1584459855.05024,1584459855.16602,1584459855.1665,1584459855.16696,0.116720676422119,0.117182970046997
519,250029,318496,-58906,419851,1584459855.16742,1584459855.17802,1584459855.17847,1584459855.17893,0.011507272720337,0.01196813583374
520,250420,318243,-58939,419769,1584459855.17939,1584459855.18997,1584459855.19051,1584459855.19097,0.011581659317017,0.012040138244629
521,250860,318550,-59002,419895,1584459855.19143,1584459855.20201,1584459855.20247,1584459855.20293,0.01149320602417,0.011950254440308
522,251137,318752,-59098,419763,1584459855.20338,1584459855.21394,1584459855.21439,1584459855.21485,0.01146411895752,0.011919021606445
523,250682,319063,-59032,419824,1584459855.2153,1584459855.22587,1584459855.22633,1584459855.22679,0.01148271560669,0.011939287185669
524,250544,318928,-59077,419675,1584459855.22724,1584459855.23781,1584459855.23827,1584459855.23873,0.011486053466797,0.01194429397583
525,250003,318709,-59207,419715,1584459855.23919,1584459855.24976,1584459855.25034,1584459855.25081,0.011624813079834,0.012088060379028
526,249596,318449,-59138,419832,1584459855.25127,1584459855.26185,1584459855.26231,1584459855.26276,0.011488914489746,0.011946201324463
527,249287,317640,-59050,419665,1584459855.26322,1584459855.27377,1584459855.27423,1584459855.27468,0.011462926864624,0.011919975280762
528,249273,317468,-59092,419774,1584459855.27514,1584459855.2857,1584459855.28616,1584459855.28662,0.011475324630737,0.0119309425354
529,249534,317424,-59275,419887,1584459855.28707,1584459855.29765,1584459855.2981,1584459855.29856,0.011488437652588,0.01194977760315
530,249471,317493,-59444,419691,1584459855.29902,1584459855.30961,1584459855.31016,1584459855.31062,0.011602640151978,0.012061834335327
531,249897,317821,-59510,419715,1584459855.31108,1584459855.32166,1584459855.32212,1584459855.32258,0.011497259140015,0.011956930160523
532,250331,317938,-59465,419589,1584459855.32304,1584459855.33359,1584459855.33405,1584459855.33451,0.011466264724732,0.011926889419556
533,250337,318254,-59262,419619,1584459855.33497,1584459855.34556,1584459855.34601,1584459855.34648,0.01151180267334,0.01201605796814
534,250004,318322,-59231,419907,1584459855.34698,1584459855.35754,1584459855.35799,1584459855.35845,0.011467695236206,0.011927366256714
535,249065,317705,-59015,419750,1584459855.35891,1584459855.36951,1584459855.36997,1584459855.37053,0.011618375778198,0.012084245681763
536,248482,316960,-58778,419980,1584459855.37099,1584459855.38156,1584459855.38202,1584459855.38248,0.011482000350952,0.011940956115723
537,248048,316122,-58909,420183,1584459855.38294,1584459855.3935,1584459855.39396,1584459855.39442,0.01148247718811,0.011941909790039
538,247941,315692,-58862,420228,1584459855.39488,1584459855.40545,1584459855.4059,1584459855.40636,0.011484861373901,0.011942863464356
539,248101,315469,-58737,420381,1584459855.40682,1584459855.41738,1584459855.41783,1584459855.41829,0.01146936416626,0.011929035186768
540,248510,315352,-58369,420346,1584459855.41875,1584459855.42932,1584459855.42977,1584459855.43032,0.011571884155274,0.012032270431519
541,249085,315511,-59244,420660,1584459855.43078,1584459855.44135,1584459855.4418,1584459855.49281,0.062028408050537,0.062495708465576
542,248330,313336,-59103,420638,1584459855.49328,1584459855.49373,1584459855.49419,1584459855.50476,0.011484622955322,0.011946439743042
543,248211,313333,-59138,420690,1584459855.50522,1584459855.50567,1584459855.50613,1584459855.51669,0.011465549468994,0.011926889419556
544,248375,313142,-59196,420673,1584459855.51715,1584459855.5176,1584459855.51805,1584459855.52863,0.011478662490845,0.011938571929932
545,248461,313365,-59177,420588,1584459855.52909,1584459855.52954,1584459855.53,1584459855.54058,0.01149320602417,0.011955499649048
546,248627,313578,-59424,420285,1584459855.54104,1584459855.5415,1584459855.54196,1584459855.55254,0.011496067047119,0.011961221694946
547,248521,313827,-59326,420249,1584459855.55301,1584459855.55346,1584459855.55391,1584459855.56447,0.011468648910523,0.011927843093872
548,248219,313972,-59297,420462,1584459855.56493,1584459855.56538,1584459855.56584,1584459855.57641,0.011476993560791,0.011936187744141
549,248183,313628,-59428,420460,1584459855.57687,1584459855.57732,1584459855.57777,1584459855.58835,0.011481285095215,0.016642332077026
550,247626,313517,-59186,420564,1584459855.59351,1584459855.59402,1584459855.59448,1584459855.6052,0.011685609817505,0.012153148651123
551,247638,313167,-59337,420432,1584459855.60567,1584459855.60612,1584459855.60657,1584459855.61732,0.011659860610962,0.012131214141846
552,247462,313466,-59423,420373,1584459855.6178,1584459855.61825,1584459855.61871,1584459855.62933,0.011533737182617,0.012001037597656
553,247683,313434,-59434,420463,1584459855.6298,1584459855.63038,1584459855.63084,1584459855.64195,0.012157440185547,0.012741327285767
554,247746,313346,-59426,420406,1584459855.64254,1584459855.64304,1584459855.64353,1584459855.6544,0.011860609054566,0.012364864349365
555,247401,313391,-59172,420491,1584459855.6549,1584459855.65538,1584459855.65586,1584459855.66669,0.011789083480835,0.012291669845581
556,247821,313284,-59159,420503,1584459855.6672,1584459855.66767,1584459855.66814,1584459855.67887,0.011679649353027,0.012151002883911
557,247321,313379,-59109,420475,1584459855.67935,1584459855.67981,1584459855.6804,1584459855.68086,0.001516103744507,0.012153387069702
558,247229,313006,-59018,420466,1584459855.6915,1584459855.69197,1584459855.69244,1584459855.69292,0.001421928405762,0.012015581130982
559,246919,313030,-59120,420432,1584459855.70352,1584459855.70397,1584459855.70443,1584459855.70489,0.001376628875732,0.011966943740845
560,246938,313161,-58977,420387,1584459855.71548,1584459855.71594,1584459855.7164,1584459855.71686,0.001377105712891,0.011945009231567
561,246519,312975,-59168,420342,1584459855.72743,1584459855.72789,1584459855.72834,1584459855.73894,0.011509656906128,0.011972188949585
562,246921,327679,-59254,420245,1584459855.7394,1584459855.73985,1584459855.7404,1584459855.75099,0.011588096618652,0.01205325126648
563,247068,315200,-58533,420296,1584459855.75145,1584459855.75191,1584459855.803,1584459855.80348,0.052022695541382,0.052489280700684
564,246949,314819,-58350,420328,1584459855.80394,1584459855.8044,1584459855.81497,1584459855.81544,0.01149582862854,0.011964797973633
565,246414,314559,-58348,420502,1584459855.81591,1584459855.81636,1584459855.82694,1584459855.8274,0.011494159698486,0.011956930160523
566,246159,314466,-58314,420526,1584459855.82786,1584459855.82832,1584459855.83891,1584459855.83938,0.011513471603394,0.011977672576904
567,245872,314082,-58426,420528,1584459855.83984,1584459855.84039,1584459855.85097,1584459855.85144,0.011599540710449,0.012062788009644
568,245585,314188,-58519,420704,1584459855.8519,1584459855.85236,1584459855.86294,1584459855.86341,0.011503458023071,0.011969089508057
569,245786,314445,-58634,420413,1584459855.86387,1584459855.86433,1584459855.8749,1584459855.87536,0.011484622955322,0.011948108673096
570,245759,314991,-58740,420518,1584459855.87582,1584459855.87628,1584459855.88687,1584459855.88734,0.011518001556397,0.011983871459961
571,246411,315472,-58524,420523,1584459855.88781,1584459855.88826,1584459855.89888,1584459855.89935,0.011549234390259,0.012013673782349
572,246623,315300,-58468,420398,1584459855.89982,1584459855.9004,1584459855.91097,1584459855.91143,0.011615991592407,0.012081861495972
573,246587,315458,-58410,420529,1584459855.9119,1584459855.91236,1584459855.92294,1584459855.92341,0.011506795883179,0.011970043182373
574,246596,314962,-58308,420497,1584459855.92387,1584459855.92432,1584459855.93489,1584459855.93535,0.011477470397949,0.011940479278565
575,246115,314268,-58335,420597,1584459855.93581,1584459855.93628,1584459855.94689,1584459855.94736,0.011545181274414,0.012013912200928
576,245507,313849,-58314,420781,1584459855.94782,1584459855.95839,1584459855.95885,1584459855.95932,0.011498212814331,0.011964559555054
577,245709,313606,-58537,420663,1584459855.95979,1584459855.96039,1584459855.97098,1584459855.97145,0.011655330657959,0.01211953163147
578,246259,313791,-58397,420643,1584459855.97191,1584459855.97236,1584459855.98294,1584459855.98341,0.011500597000122,0.011960744857788
579,246696,314067,-58280,420570,1584459855.98387,1584459855.98432,1584459855.99494,1584459855.99541,0.011536836624146,0.012002468109131
580,247223,314253,-58634,420506,1584459855.99587,1584459855.99632,1584459856.0069,1584459856.00736,0.011492252349854,0.011953592300415
581,247114,314392,-58677,420580,1584459856.00783,1584459856.00828,1584459856.01885,1584459856.01931,0.011482954025269,0.011942863464356
582,247195,313917,-58701,420506,1584459856.01977,1584459856.0203,1584459856.03088,1584459856.03135,0.011576652526856,0.012038946151733
583,246797,313405,-58686,420608,1584459856.03181,1584459856.03226,1584459856.04286,1584459856.04333,0.011521816253662,0.011983871459961
584,246115,312678,-58562,420573,1584459856.04379,1584459856.04425,1584459856.05482,1584459856.05528,0.011487722396851,0.011950016021729
585,245731,312080,-58893,420755,1584459856.05574,1584459856.05624,1584459856.06683,1584459856.0673,0.011555433273316,0.012020826339722
586,245457,311952,-59022,420992,1584459856.06776,1584459856.06821,1584459856.07878,1584459856.07923,0.011472225189209,0.011934757232666
587,245937,311652,-59309,420725,1584459856.0797,1584459856.08024,1584459856.09083,1584459856.09129,0.011594533920288,0.012054204940796
588,246087,311860,-59563,420584,1584459856.09175,1584459856.09221,1584459856.10279,1584459856.10326,0.01151180267334,0.011972188949585
589,246471,311834,-59622,420570,1584459856.10372,1584459856.10418,1584459856.11475,1584459856.11521,0.011488437652588,0.011948585510254
590,246819,311836,-59755,420440,1584459856.11567,1584459856.11613,1584459856.1267,1584459856.12716,0.011490106582642,0.011950016021729
591,246809,311794,-59657,420557,1584459856.12762,1584459856.12807,1584459856.13864,1584459856.1391,0.011477947235108,0.011938571929932
592,246953,311365,-59558,420465,1584459856.13956,1584459856.14001,1584459856.15068,1584459856.15115,0.011585712432861,0.012048244476318
593,246475,311320,-59515,420684,1584459856.15161,1584459856.15206,1584459856.16263,1584459856.16309,0.011485099792481,0.011946678161621
594,246518,311247,-59438,420843,1584459856.16356,1584459856.16402,1584459856.17459,1584459856.17505,0.011497735977173,0.011958599090576
595,246457,311269,-59555,420654,1584459856.17551,1584459856.17597,1584459856.18655,1584459856.18707,0.011555194854736,0.012021541595459
596,246364,311995,-59360,420654,1584459856.18754,1584459856.188,1584459856.19859,1584459856.19906,0.011528730392456,0.011999130249024
597,246603,312167,-59029,420767,1584459856.19953,1584459856.19999,1584459856.2106,1584459856.21108,0.011545181274414,0.022117137908936
598,246029,312464,-58377,420861,1584459856.22165,1584459856.22211,1584459856.22257,1584459856.22303,0.001373052597046,0.01195502281189
599,245025,312318,-57721,421003,1584459856.23361,1584459856.23407,1584459856.23452,1584459856.24509,0.011485099792481,0.017090559005737
600,244044,312298,-57157,421285,1584459856.2507,1584459856.25122,1584459856.25169,1584459856.25215,0.001453399658203,0.001918792724609
601,243252,312602,-56627,421469,1584459856.25262,1584459856.25307,1584459856.26506,1584459856.26563,0.013010025024414,0.013525485992432
602,242415,312572,-56298,421491,1584459856.26614,1584459856.26668,1584459856.2672,1584459856.27794,0.011794090270996,0.012279510498047
603,241839,312821,-55973,421470,1584459856.27842,1584459856.27889,1584459856.27935,1584459856.28998,0.011556148529053,0.012233972549439
604,240875,312712,-55821,421658,1584459856.29066,1584459856.29118,1584459856.29165,1584459856.30248,0.011828660964966,0.012325763702393
605,240878,312950,-55947,421670,1584459856.30298,1584459856.30347,1584459856.30395,1584459856.31493,0.011949300765991,0.012449502944946
606,241523,313680,-55820,421575,1584459856.31543,1584459856.31591,1584459856.31639,1584459856.32722,0.011786460876465,0.01230788230896
607,242266,313834,-56009,421505,1584459856.32774,1584459856.32822,1584459856.32872,1584459856.33941,0.011673212051392,0.012150049209595
608,242667,314577,-56057,421353,1584459856.33989,1584459856.34046,1584459856.34097,1584459856.35161,0.011723041534424,0.01220703125
609,242735,315019,-55685,421260,1584459856.3521,1584459856.35256,1584459856.35302,1584459856.36362,0.011520147323608,0.011993169784546
610,242771,315025,-55870,421220,1584459856.36409,1584459856.36457,1584459856.36504,1584459856.37564,0.011551856994629,0.012017965316773
611,242001,314988,-55839,421381,1584459856.37611,1584459856.37657,1584459856.37703,1584459856.3876,0.011495590209961,0.011965274810791
612,241564,315193,-55810,421471,1584459856.38807,1584459856.38855,1584459856.38902,1584459856.39968,0.011608600616455,0.012176990509033
613,241506,315881,-55790,421062,1584459856.40025,1584459856.40071,1584459856.40118,1584459856.41177,0.011524438858032,0.062572002410889
614,242572,320218,-55398,420890,1584459856.46282,1584459856.46329,1584459856.46375,1584459856.46422,0.001397371292114,0.012032270431519
615,241510,319818,-55267,420911,1584459856.47485,1584459856.47532,1584459856.47579,1584459856.47626,0.001404285430908,0.01198673248291
616,240077,319033,-55488,420887,1584459856.48684,1584459856.48731,1584459856.48777,1584459856.48824,0.001404285430908,0.012061357498169
617,240141,318515,-55484,420955,1584459856.4989,1584459856.49937,1584459856.49983,1584459856.50046,0.001559257507324,0.012172937393189
618,242627,319279,-55645,421096,1584459856.51107,1584459856.51154,1584459856.512,1584459856.51247,0.001397609710693,0.012018918991089
619,246025,321002,-55911,420899,1584459856.52309,1584459856.52356,1584459856.52402,1584459856.5245,0.001406908035278,0.011983633041382
620,247015,321407,-55777,420718,1584459856.53508,1584459856.53554,1584459856.536,1584459856.53647,0.00139594078064,0.012012243270874
621,244855,320951,-55855,420777,1584459856.54709,1584459856.54755,1584459856.54801,1584459856.54848,0.001386880874634,0.012015342712402
622,240396,319695,-55703,420857,1584459856.5591,1584459856.55957,1584459856.56003,1584459856.5606,0.00149941444397,0.012096643447876
623,232947,316349,-55673,421345,1584459856.5712,1584459856.57166,1584459856.57213,1584459856.57261,0.001406192779541,0.012011051177979
624,224469,311714,-55601,421693,1584459856.58321,1584459856.58368,1584459856.58414,1584459856.5846,0.001392602920532,0.012001752853394
625,215844,305959,-55700,421310,1584459856.59521,1584459856.59568,1584459856.59615,1584459856.59665,0.001433372497559,0.012051343917847
626,208581,300435,-56416,421467,1584459856.60727,1584459856.60773,1584459856.60819,1584459856.60866,0.001398801803589,0.012017488479614
627,204750,296316,-56913,421364,1584459856.61928,1584459856.61974,1584459856.6203,1584459856.62081,0.001529455184937,0.012107133865357
628,204273,292509,-57857,420941,1584459856.63139,1584459856.63185,1584459856.63231,1584459856.63278,0.001388549804688,0.011983156204224
629,205249,288017,-59058,420776,1584459856.64337,1584459856.64383,1584459856.6443,1584459856.6448,0.00142502784729,0.012022256851196
630,204696,281988,-59817,420632,1584459856.6554,1584459856.65585,1584459856.65632,1584459856.66695,0.011552572250366,0.012022018432617
631,199506,273377,-60391,420715,1584459856.66742,1584459856.66788,1584459856.66834,1584459856.67892,0.011498212814331,0.022093772888184
632,171938,250419,-60383,421262,1584459856.68951,1584459856.68997,1584459856.69053,1584459856.69102,0.001512050628662,0.012116432189941
633,154586,239763,-59908,421969,1584459856.70163,1584459856.70209,1584459856.70255,1584459856.70303,0.001397609710693,0.012017965316773
634,136447,229860,-59401,422477,1584459856.71365,1584459856.71412,1584459856.7146,1584459856.71509,0.001447200775146,0.012048244476318
635,117505,221753,-58527,422935,1584459856.72569,1584459856.72616,1584459856.72663,1584459856.7271,0.001408815383911,0.011992931365967
636,97680,216077,-57392,423667,1584459856.73769,1584459856.73815,1584459856.73863,1584459856.73912,0.001429080963135,0.012024164199829
637,79112,211425,-56083,423876,1584459856.74971,1584459856.75027,1584459856.75073,1584459856.7512,0.001488447189331,0.012126207351685
638,64501,208357,-55210,424140,1584459856.76184,1584459856.7623,1584459856.76281,1584459856.76328,0.001446485519409,0.012033224105835
639,52720,206205,-54420,424439,1584459856.77387,1584459856.77433,1584459856.77479,1584459856.77526,0.001388072967529,0.011979341506958
640,43716,204743,-53646,424514,1584459856.78585,1584459856.78631,1584459856.78682,1584459856.78729,0.001436233520508,0.012013912200928
641,37376,203629,-53302,424746,1584459856.79786,1584459856.79832,1584459856.79879,1584459856.79925,0.001390218734741,0.012049436569214
642,34334,203282,-53352,424741,1584459856.80991,1584459856.81047,1584459856.81098,1584459856.81145,0.001534700393677,0.012118339538574
643,33676,203644,-53226,424698,1584459856.82203,1584459856.82249,1584459856.82295,1584459856.82343,0.001397848129272,0.011985063552857
644,33523,203754,-53128,424886,1584459856.83402,1584459856.83448,1584459856.83497,1584459856.83544,0.00142502784729,0.012013673782349
645,33582,203906,-53083,424978,1584459856.84603,1584459856.84649,1584459856.84695,1584459856.84742,0.001387596130371,0.012017250061035
646,33760,203899,-53067,424800,1584459856.85805,1584459856.85853,1584459856.85902,1584459856.85949,0.001441955566406,0.012129306793213
647,33763,203638,-53224,424740,1584459856.87018,1584459856.87064,1584459856.8711,1584459856.87157,0.00139045715332,0.011968612670899
648,33543,203828,-53154,424706,1584459856.88215,1584459856.88263,1584459856.8831,1584459856.88357,0.001425743103027,0.012016534805298
649,33431,203858,-53081,424909,1584459856.89416,1584459856.89462,1584459856.89508,1584459856.89555,0.001388072967529,0.016619682312012
650,33261,203713,-53351,424785,1584459856.91078,1584459856.91129,1584459856.91176,1584459856.91223,0.0014488697052,0.00191330909729
651,33564,203842,-53489,424756,1584459856.91269,1584459856.9234,1584459856.92387,1584459856.92434,0.011646270751953,0.022347927093506
652,33531,203961,-53459,424911,1584459856.93504,1584459856.93551,1584459856.93597,1584459856.93644,0.001394271850586,0.012014627456665
653,33469,203861,-53386,424843,1584459856.94706,1584459856.94753,1584459856.948,1584459856.94847,0.001415491104126,0.012323141098023
654,33493,203798,-53175,424791,1584459856.95938,1584459856.95989,1584459856.96064,1584459856.9612,0.001819849014282,0.012655973434448
655,33372,203768,-53174,424699,1584459856.97204,1584459856.97257,1584459856.97307,1584459856.97356,0.001523017883301,0.002011775970459
656,33301,203701,-53355,424555,1584459856.97405,1584459856.98488,1584459856.98538,1584459856.98598,0.011926889419556,0.012417316436768
657,33185,203719,-53511,424633,1584459856.98647,1584459856.99722,1584459856.99768,1584459856.99816,0.011696577072144,0.012169361114502
658,33317,204020,-53503,424695,1584459856.99863,1584459857.00925,1584459857.00972,1584459857.0103,0.011661767959595,0.01220440864563
659,33534,204022,-53359,424825,1584459857.01084,1584459857.02143,1584459857.0219,1584459857.02237,0.011532783508301,0.022136688232422
660,33544,204038,-53485,424824,1584459857.03298,1584459857.03344,1584459857.03397,1584459857.03444,0.001466989517212,0.0120689868927
661,33480,203910,-53482,424931,1584459857.04505,1584459857.04551,1584459857.04598,1584459857.04645,0.001406192779541,0.012012720108032
662,33327,203808,-53177,424921,1584459857.05706,1584459857.05753,1584459857.058,1584459857.05847,0.001410484313965,0.012043476104736
663,33338,203872,-53306,424895,1584459857.0691,1584459857.06957,1584459857.07012,1584459857.0706,0.001501321792603,0.012109994888306
664,33460,203825,-53318,424756,1584459857.08121,1584459857.08169,1584459857.08219,1584459857.08268,0.001471281051636,0.012063264846802
665,33532,203811,-53330,424809,1584459857.09327,1584459857.09374,1584459857.09421,1584459857.09468,0.001403093338013,0.011995553970337
666,33402,203878,-53359,424759,1584459857.10527,1584459857.10574,1584459857.10621,1584459857.1067,0.001427888870239,0.012068033218384
667,33624,203883,-53360,424823,1584459857.11734,1584459857.11781,1584459857.11827,1584459857.11875,0.001407861709595,0.011987447738648
668,33575,204107,-53524,424923,1584459857.12933,1584459857.12983,1584459857.13039,1584459857.1309,0.001573085784912,0.012176275253296
669,33621,203948,-53525,424726,1584459857.1415,1584459857.14196,1584459857.14243,1584459857.1429,0.001397371292114,0.011975526809692
670,33499,203924,-53572,424835,1584459857.15348,1584459857.15394,1584459857.15441,1584459857.15492,0.001445055007935,0.012070894241333
671,33490,203817,-53459,424800,1584459857.16555,1584459857.16601,1584459857.16648,1584459857.16695,0.001399755477905,0.012036561965942
672,33455,203749,-53393,424862,1584459857.17758,1584459857.17807,1584459857.17855,1584459857.17906,0.001477003097534,0.012058734893799
673,33279,203933,-53440,424906,1584459857.18964,1584459857.1902,1584459857.19067,1584459857.19114,0.001491546630859,0.012097120285034
674,33678,204025,-53458,424886,1584459857.20174,1584459857.2022,1584459857.20269,1584459857.20318,0.001440525054932,0.012037515640259
675,33745,203850,-53546,424945,1584459857.21378,1584459857.21425,1584459857.21471,1584459857.21518,0.001406669616699,0.012048006057739
676,33708,203728,-53295,424803,1584459857.22583,1584459857.22629,1584459857.22679,1584459857.22726,0.001433372497559,0.012036561965942
677,33776,203746,-53334,424784,1584459857.23786,1584459857.23833,1584459857.23879,1584459857.23926,0.001397848129272,0.011974573135376
678,49151,203945,-53631,424851,1584459857.24984,1584459857.25039,1584459857.25089,1584459857.25136,0.001521110534668,0.012137174606323
679,32851,202656,-53546,425000,1584459857.26197,1584459857.31301,1584459857.31347,1584459857.31395,0.051977634429932,0.052449941635132
680,33311,204025,-53924,424482,1584459857.31442,1584459857.32504,1584459857.3255,1584459857.32598,0.011551856994629,0.012022495269775
681,33946,203904,-53312,425179,1584459857.32645,1584459857.33702,1584459857.3375,1584459857.33799,0.011545658111572,0.012013912200928
682,33261,203445,-53906,424789,1584459857.33846,1584459857.34907,1584459857.34954,1584459857.35001,0.011549711227417,0.012102842330933
683,33481,204794,-53507,424877,1584459857.35056,1584459857.36117,1584459857.36163,1584459857.3621,0.011535167694092,0.012035369873047
684,33949,204205,-53289,424854,1584459857.3626,1584459857.37318,1584459857.37364,1584459857.37411,0.01150918006897,0.011974334716797
685,33260,204113,-53549,424545,1584459857.37457,1584459857.38517,1584459857.38566,1584459857.38617,0.011600255966187,0.012092351913452
686,33925,203935,-53210,424895,1584459857.38667,1584459857.39724,1584459857.3977,1584459857.39816,0.011497020721436,0.011963605880737
687,33070,203463,-53639,424636,1584459857.39863,1584459857.40921,1584459857.40968,1584459857.4103,0.011670827865601,0.012184619903565
688,33605,203750,-53537,424975,1584459857.41081,1584459857.42141,1584459857.42188,1584459857.42235,0.011540651321411,0.012017250061035
689,33338,203946,-53461,424730,1584459857.42283,1584459857.42329,1584459857.43391,1584459857.43438,0.01154637336731,0.012048721313477
690,33355,203907,-53631,424949,1584459857.43488,1584459857.43534,1584459857.44593,1584459857.44641,0.011525869369507,0.011991739273071
691,33563,204280,-53527,424957,1584459857.44687,1584459857.44733,1584459857.4579,1584459857.45837,0.011497020721436,0.011999368667603
692,33535,204220,-53440,424710,1584459857.45887,1584459857.45933,1584459857.46993,1584459857.47051,0.011636734008789,0.01210880279541
693,33842,204118,-53487,424931,1584459857.47098,1584459857.47144,1584459857.48204,1584459857.48252,0.011543273925781,0.012050628662109
694,33666,203962,-53517,424831,1584459857.48303,1584459857.4835,1584459857.49409,1584459857.49456,0.011529207229614,0.011996984481812
695,33522,203778,-53651,425050,1584459857.49503,1584459857.49549,1584459857.50608,1584459857.50657,0.01154351234436,0.012033462524414
696,33657,203904,-53806,425005,1584459857.50706,1584459857.50753,1584459857.51812,1584459857.51859,0.011530876159668,0.012003183364868
697,33464,204144,-53698,424996,1584459857.51906,1584459857.51952,1584459857.53022,1584459857.53072,0.011652946472168,0.012139558792114
698,33629,203941,-53667,424864,1584459857.5312,1584459857.53166,1584459857.54224,1584459857.5427,0.011500120162964,0.011967658996582
699,33424,204160,-53615,424716,1584459857.54317,1584459857.54363,1584459857.55422,1584459857.55471,0.011539936065674,
,,,,,,,,Average:,0.010246198517936,0.014709905834498
,,,,,,,,Hz:,97.5971720877294,67.9814005100405
